Employbl Company ID,Company Name,Website,Address 1,City,State,Zip,Latitude,Longitude
876,Grabr,Grabr.io,Sansome St,San Francisco,CA,94111,37.798439,-122.402248
181,Creative Market,creativemarket.com,Pier 9 The Embarcadero,San Francisco,CA,94111,37.800539,-122.396966
324,Hornblower Cruises,www.hornblower.com,Pier 3 The Embarcadero,San Francisco,CA,94111,37.798031,-122.394973
38,Alpha Sense,www.alpha-sense.com,One Sansome St Suite 3500,San Francisco,CA,94104,37.790436,-122.401266
55,Apple,www.apple.com,Apple Campus,Cupertino,CA,95014,37.33182,-122.03118
952,MarkLogic,marklogic.com,999 Skyway Rd,San Carlos,CA,94070,37.50734,-122.246944
84,Betterworks,betterworks.com,999 Main St,Redwood City,CA,94063,37.484282,-122.225865
28,Airbnb,www.airbnb.com,999 Brannan St,San Francisco,CA,94103,37.770138,-122.406353
808,Zignal Labs,zignallabs.com,995 Market St,San Francisco,CA,94103,37.782187,-122.409907
165,Code Nation,codenation.org,995 Market St,San Francisco,CA,94103,37.782052,-122.409694
395,Lever,www.lever.co,989 Market St #450,San Francisco,CA,94103,37.782292,-122.409546
664,Storenvy,storenvy.com,988 Market St #600,San Francisco,CA,94102,37.782762,-122.410379
80,Benchmark Capital,www.benchmark.com,988 Market St,San Francisco,CA,94102,37.782762,-122.410379
1079,Forcepoint,forcepoint.com,983 University Ave # A,Los Gatos,CA,95032,37.249966,-121.967384
963,One Medical,onemedical.com,98 Federal St,San Francisco,CA,94107,37.782989,-122.393071
319,Holberton School,www.holbertonschool.com,98 Battery Street #402,San Francisco,CA,94111,37.792085,-122.399368
27,After College,www.aftercollege.com,98 Battery St # 502,San Francisco,CA,94111,37.792085,-122.399368
380,Knotel,knotel.com,972 Mission St,San Francisco,CA,94103,37.781703,-122.408409
835,Roblox,roblox.com,970 Park Pl,San Mateo,CA,94403,37.544412,-122.293699
376,Kiip,www.kiip.me,970 Folsom St,San Francisco,CA,94107,37.779299,-122.405026
196,Datavisor,datavisor.com,967 N Shoreline Blvd,Mountain View,CA,94043,37.407728,-122.077488
433,Memebox,us.memebox.com,965 Mission St ste 180,San Francisco,CA,94103,37.781519,-122.407699
791,Y Combinator SF,www.ycombinator.com,965 Mission St,San Francisco,CA,94103,37.781709,-122.407809
338,Indiegogo,www.indiegogo.com,965 Mission St,San Francisco,CA,94103,37.781409,-122.407592
861,Leetcode,leetcode.com,953 Industrial Ave,Palo Alto,CA,94303,37.424205,-122.098878
574,Resilio,www.resilio.com,95 Minna St,San Francisco,CA,94105,37.787677,-122.398995
303,Hack Reactor,www.hackreactor.com,944 Market Street 8th Floor,San Francisco,CA,94102,37.783697,-122.408966
573,Rescale,www.rescale.com,944 Market St #300,San Francisco,CA,94102,37.78376,-122.408816
246,Figure Eight,www.figure-eight.com,940 Howard St,San Francisco,CA,94103,37.780922,-122.406243
119,Bugsnag,www.bugsnag.com,939 Harrison St,San Francisco,CA,94107,37.778197,-122.40252
597,Sano,sano.co,925 Harrison Street,San Francisco,CA,94107,37.778387,-122.402266
478,No Means No Worldwide,www.nomeansnoworldwide.org,921 Front St #204,San Francisco,CA,94111,37.799885,-122.400479
118,Bugcrowd,www.bugcrowd.com,921 Front St #100,San Francisco,CA,94111,37.799885,-122.400479
545,Qualys,qualys.com,919 E Hillsdale Blvd 4th Floor,Foster City,CA,94404,37.555726,-122.276719
16,Adecco Group,www.adeccogroup.com,903 Sneath Ln Ste 123,San Bruno,CA,94066,37.635,-122.424555
285,Good Eggs,www.goodeggs.com,901 Rankin St,San Francisco,CA,94124,37.740966,-122.394958
325,HotelTonight,www.hoteltonight.com,901 Market St #310,San Francisco,CA,94103,37.783436,-122.408038
419,Marketo,marketo.com,901 Mariners Island Blvd,San Mateo,CA,94404,37.559895,-122.287037
982,YouTube,youtube.com,901 Cherry Ave,San Bruno,CA,94066,37.628293,-122.426523
769,Wealthfront,wealthfront.com,900 Middlefield Rd,Redwood City,CA,94063,37.485152,-122.229612
858,Visa,usa.visa.com,900 Metro Center Blvd,Foster City,CA,94404,37.559665,-122.275934
104,Box,box.com,900 Jefferson Ave,Redwood City,CA,94063,37.48487,-122.229315
48,AngelList,angel.co,90 Gold St,San Francisco,CA,94133,37.796759,-122.403471
6,23andMe,23andme.com,899 W Evelyn Ave,Mountain View,CA,94041,37.395208,-122.079159
539,Proofpoint,proofpoint.com,892 Ross Dr,Sunnyvale,CA,94089,37.400617,-122.032115
610,Sendgrid,sendgrid.com,889 Winslow St,Redwood City,CA,94063,37.485417,-122.229213
223,Ejento,www.ejento.com,880 Harrison St #201,San Francisco,CA,94107,37.779555,-122.4015
436,Mesosphere,mesosphere.com,88 Stevenson St,San Francisco,CA,94105,37.789422,-122.400547
557,Randstad,www.randstadusa.com,88 Kearny St #300,San Francisco,CA,94108,37.788638,-122.403344
239,Expensify,use.expensify.com,88 Kearny St,San Francisco,CA,94108,37.788693,-122.403332
276,GitHub,github.com,88 Colin P Kelly Jr St,San Francisco,CA,94107,37.782267,-122.391248
474,Nextdoor,nextdoor.com,875 Stevenson St #700,San Francisco,CA,94103,37.776363,-122.416331
469,Nerd Wallet,www.nerdwallet.com,875 Stevenson St,San Francisco,CA,94103,37.776363,-122.416331
523,Pivotal,pivotal.io,875 Howard Street,San Francisco,CA,94103,37.781822,-122.403975
379,Kiva,www.kiva.org,875 Howard St,San Francisco,CA,94103,37.781822,-122.403975
282,Glu Mobile,www.glu.com,875 Howard St,San Francisco,CA,94105,37.781833,-122.403986
765,Walmart Labs,www.walmartlabs.com,860 W California Ave,Sunnyvale,CA,94086,37.381451,-122.036953
799,Zedo,www.zedo.com,850 Montgomery St,San Francisco,CA,94133,37.797157,-122.403406
173,Collective Health,collectivehealth.com,85 Bluxome St,San Francisco,CA,94107,37.776105,-122.397302
120,BuildingConnected,buildingconnected.com,85 2nd street 6th floor,San Francisco,CA,94105,37.78845,-122.399909
418,Mapbox,www.mapbox.com,85 2nd Street 3rd floor,San Francisco,CA,94105,37.78844,-122.399855
141,Chartboost,www.chartboost.com,85 2nd St,San Francisco,CA,94105,37.78844,-122.399855
543,Qadium,qadium.com,85 2nd St,San Francisco,CA,94105,37.78844,-122.399855
399,Lime,li.me,85 2nd St,San Francisco,CA,94105,37.78835,-122.399738
377,Kissmetrics,www.kissmetricshq.com,847 Sansome St Lower Level,San Francisco,CA,94111,37.798028,-122.40251
260,Fossa,www.fossa.io,845 Market St Suite #450A,San Francisco,CA,94103,37.78451,-122.406709
316,HireClub,hireclub.com,845 Market St #450A,San Francisco,CA,94103,37.784219,-122.406176
946,Kabam,corporate.kabam.com,84 Mabini St,San Francisco,CA,94107,37.782188,-122.400495
728,TrustArc,www.trustarc.com,835 Market St #800,San Francisco,CA,94103,37.783518,-122.406862
188,Crunchyroll,www.crunchyroll.com,835 Market St,San Francisco,CA,94103,37.783535,-122.406855
937,GoPro,gopro.com,835 Market St,San Francisco,CA,94103,37.784688,-122.40694
194,DataFox,www.datafox.com,835 Howard St,San Francisco,CA,94103,37.782493,-122.403364
828,GoodTime,goodtime.io,835 Howard St,San Francisco,CA,94103,37.782493,-122.403364
51,App Academy,www.appacademy.io,825 Battery St,San Francisco,CA,94111,37.799195,-122.401373
457,Mountain View Staffing,www.mountainviewstaffing.com,824 San Antonio Rd,Palo Alto,CA,94303,37.421099,-122.101449
447,MitchelLake Group,www.mitchellake.com,821 Sansome St,San Francisco,CA,94111,37.797747,-122.402228
711,Thoughtworks,www.thoughtworks.com,814 Mission St 5th Floor,San Francisco,CA,94103,37.784414,-122.404915
49,Anomali,anomali.com,808 Winslow St,Redwood City,CA,94063,37.486075,-122.231216
33,Alation,alation.com,805 Veterans Blvd #307,Redwood City,CA,94063,37.491223,-122.228606
916,NetSpring,netspring.io,800 W El Camino Real #180,Mountain View,CA,94040,37.386564,-122.084176
931,Elastic,elastic.co,800 W El Camino Real,Mountain View,CA,94040,37.386495,-122.084129
341,InfluxData,www.influxdata.com,799 Market St Suite 400,San Francisco,CA,94103,37.785885,-122.405289
430,Medium,medium.com,799 Market St (4th St),San Francisco,CA,94102,37.776318,-122.393848
29,Airtable,airtable.com,799 Market St,San Francisco,CA,94103,37.785885,-122.405289
546,Quantcast,www.quantcast.com,795 Folsom St,San Francisco,CA,94107,37.782143,-122.400493
40,Always Hired,www.alwayshired.com,795 Folsom St,San Francisco,CA,94103,37.782143,-122.400493
315,HintMD,hintmd.com,7901 Stoneridge Dr Suite 150,Pleasanton,CA,94588,37.690223,-121.930334
160,CloudFabrix,cloudfabrix.com,7901 Stoneridge Dr #300,Pleasanton,CA,94588,37.690223,-121.930334
600,SavvyMoney,savvymoney.com,7901 Stoneridge Dr #207,Pleasanton,CA,94588,37.690223,-121.930334
451,Model N,modeln.com,777 Mariners Island Blvd #300,San Mateo,CA,94404,37.559179,-122.286982
580,Rigetti Computing,www.rigetti.com,775 Heinz Ave,Berkeley,CA,94710,37.853277,-122.293637
519,Philo,philo.com,772 Bryant St,San Francisco,CA,94107,37.776697,-122.402105
1081,AgilOne,acquia.com,771 Vaqueros Ave,Sunnyvale,CA,94085,37.395589,-122.031758
948,Logitech,logitech.com,7700 Gateway Blvd,Newark,CA,94560,37.539124,-122.06178
510,Patagonia,www.patagonia.com,770 North Point St,San Francisco,CA,94109,37.805997,-122.419946
571,Remind,www.remind.com,77 Stillman St,San Francisco,CA,94107,37.78203,-122.395713
401,Linqia,www.linqia.com,77 Maiden Ln,San Francisco,CA,94108,37.788176,-122.404682
9,140 Proof,140proof.com,77 De Boom St,San Francisco,CA,94107,37.78226,-122.392125
289,Gorgias,gorgias.io,768 Harrison St,San Francisco,CA,94107,37.781522,-122.399156
59,Apteligent,www.apteligent.com,760 Market St #1101,San Francisco,CA,94102,37.786529,-122.405385
255,Flexport,www.flexport.com,760 Market St,San Francisco,CA,94102,37.786529,-122.405385
182,Credit Karma,www.creditkarma.com,760 Market St,San Francisco,CA,94102,37.78656,-122.405275
1076,SVG Ventures,svgventures.com,750 University Ave #260,Los Gatos,CA,95032,37.238909,-121.973883
1078,Sterling Communications,sterlingpr.com,750 University Ave,Los Gatos,CA,95032,37.238909,-121.973883
699,Tenable,www.tenable.com,75 E Santa Clara St,San Jose,CA,95113,37.337119,-121.889391
821,CommonGenius,commongenius.com,75 E Santa Clara St,San Jose,CA,95113,37.337119,-121.889391
218,Eat Club,www.eatclub.com,75 Columbia Square,San Francisco,CA,94103,37.77714,-122.405153
444,Minted,www.minted.com,747 Front St #200,San Francisco,CA,94111,37.79846,-122.400269
934,Funding Circle,fundingcircle.com,747 Front St,San Francisco,CA,94111,37.798456,-122.399995
933,Flipboard,about.flipboard.com,735 Emerson St,Palo Alto,CA,94301,37.442773,-122.159474
534,Practice Fusion,www.practicefusion.com,731 Market St #400,San Francisco,CA,94103,37.786642,-122.403997
548,Quip,quip.com,731 Market St #200,San Francisco,CA,94103,37.786642,-122.403997
898,Productboard,productboard.com,731 Market St #200,San Francisco,CA,94103,37.786844,-122.404042
616,Shippo,goshippo.com,731 Market St #200,San Francisco,CA,94103,37.786844,-122.404042
286,Goodby Silverstein & Partners,goodbysilverstein.com,720 California Street,San Francisco,CA,94108,37.792664,-122.406541
180,Cradlepoint,cradlepoint.com,718 University Ave Suite 200,Los Gatos,CA,95032,37.236957,-121.975021
508,Pantheon,pantheon.io,717 California St Floor 2,San Francisco,CA,94108,37.792231,-122.406141
302,Gymboree Group,www.gymboree.com/about-gymboree.html,71 Stevenson St #2200,San Francisco,CA,94105,37.789273,-122.399583
392,Lending Club,lendingclub.com,71 Stevenson St #1000,San Francisco,CA,94105,37.789273,-122.399583
981,Yahoo,yahoo.com,701 1st Ave,Sunnyvale,CA,94089,37.417181,-122.025012
1060,HackerRank,hackerrank.com,700 E El Camino Real #300,Mountain View,CA,94041,37.377584,-122.064086
201,DesignMap,www.designmap.com,700 Alabama St,San Francisco,CA,94110,37.76028,-122.411927
127,Campsyte,www.campsyte.com,7 Freelon St,San Francisco,CA,94107,37.779515,-122.396102
815,Zynga,zynga.com,699 8th St,San Francisco,CA,94103,37.770445,-122.404141
486,Nylas,www.nylas.com,695 Minna St,San Francisco,CA,94103,37.777062,-122.41238
441,Metromile,www.metromile.com,690 Folsom St Suite 200,San Francisco,CA,94107,37.784211,-122.398987
974,Synopsys,synopsys.com,690 E Middlefield Rd,Mountain View,CA,94043,37.394497,-122.050391
918,User Testing Inc.,www.usertesting.com,690 5th St,San Francisco,CA,94107,37.775329,-122.397653
978,UserTesting,www.usertesting.com,690 5th St,San Francisco,CA,94107,37.775329,-122.397653
532,Postmates,postmates.com,690 5th St,San Francisco,CA,94107,37.775336,-122.397647
626,Sindeo,sindeo.com,69 Green Street,San Francisco,CA,94111,37.800349,-122.400758
87,BigCommerce,www.bigcommerce.com,685 Market St,San Francisco,CA,94105,37.787795,-122.402906
345,Insightly,www.insightly.com,680 Folsom St #550,San Francisco,CA,94107,37.78459,-122.398566
199,Demandbase,www.demandbase.com,680 Folsom St #400,San Francisco,CA,94107,37.784558,-122.398564
413,Macy's,www.macys.com,680 Folsom St,San Francisco,CA,94107,37.784558,-122.398564
637,SmugMug,smugmug.com,67 E Evelyn Ave,Mountain View,CA,94041,37.389879,-122.067676
729,Turo,turo.com,667 Mission St,San Francisco,CA,94105,37.786784,-122.401279
529,Portrait Displays,www.portrait.com,6663 Owens Dr,Pleasanton,CA,94588,37.697403,-121.909145
556,Rally Health,www.rallyhealth.com,665 3rd St #200,San Francisco,CA,94107,37.779398,-122.393011
480,Notable Labs,www.notablelabs.com,665 3rd St,San Francisco,CA,94107,37.779501,-122.393038
754,Virtusa,virtusa.com,6627 Dumbarton Cir,Fremont,CA,94555,37.546319,-122.064388
189,Culture Amp,www.cultureamp.com,660 Market St #500,San Francisco,CA,94104,37.788307,-122.402957
863,Talix,www.talix.com,660 3rd St,San Francisco,CA,94107,37.779035,-122.393586
287,GoodData,gooddata.com,660 3rd St,San Francisco,CA,94107,37.779035,-122.393586
47,Angaza,www.angaza.com,66 Mint Plaza,San Francisco,CA,94103,37.782333,-122.407604
477,NinjaRMM,ninjarmm.com,657 Mission St,San Francisco,CA,94105,37.786708,-122.400844
879,Human Interest,humaninterest.com,655 Montgomery St Suite 1500,San Francisco,CA,94111,37.795242,-122.403654
361,Joyent,www.joyent.com,655 Montgomery St #1600,San Francisco,CA,94111,37.795246,-122.403523
566,Redfin,www.redfin.com,655 Montgomery St #1500,San Francisco,CA,94111,37.795242,-122.403654
86,Beyond Games,www.beyondgames.co,655 Montgomery St,San Francisco,CA,94111,37.795246,-122.403523
576,Returnly,returnly.com,655 Montgomery St,San Francisco,CA,94111,37.795242,-122.403654
730,TwentyThree,www.twentythree.net,655 4th Street,San Francisco,CA,94107,37.777739,-122.395441
387,Layer,layer.com,655 4th Street,San Francisco,CA,94107,37.777739,-122.395441
521,Pinterest,www.pinterest.com,651 Brannan St,San Francisco,CA,94107,37.775234,-122.399659
484,Nuna,www.nuna.com,650 Townsend St Suite 425,San Francisco,CA,94103,37.771032,-122.403307
354,iRhythm,irhythmtech.com,650 Townsend St # 500,San Francisco,CA,94103,37.771032,-122.403307
890,WanderJaunt,wanderjaunt.com,650 Mission St,San Francisco,CA,94105,37.787265,-122.401168
92,Bitnami,bitnami.com,650 Mission St,San Francisco,CA,94105,37.787275,-122.401127
549,Quora,quora.com,650 Castro St #450,Mountain View,CA,94041,37.387912,-122.083125
979,WhatsApp,whatsapp.com,650 Castro St,Mountain View,CA,94041,37.387999,-122.082985
503,Outreach,www.outreach.io,650 California Street 7th Floor,San Francisco,CA,94108,37.792912,-122.405211
53,AppDirect,www.appdirect.com,650 California Street,San Francisco,CA,94108,37.792912,-122.405211
193,Datadog,www.datadoghq.com,650 California St,San Francisco,CA,94108,37.792936,-122.405378
26,Affirm,www.affirm.com,650 California St,San Francisco,CA,94108,37.792912,-122.405211
649,Sparkcentral,sparkcentral.com,650 California St,San Francisco,CA,94108,37.792912,-122.405211
780,Woebot Labs,woebot.io,650 5th St suite 303,San Francisco,CA,94107,37.775591,-122.398012
364,June Oven,juneoven.com,649 Front Street,San Francisco,CA,94111,37.797512,-122.399816
128,Canopy Health,canopyhealth.com,6475 Christie Ave,Emeryville,CA,94608,37.845796,-122.29669
99,BlueCrew,bluecrewjobs.com,645 7th St,San Francisco,CA,94103,37.772775,-122.402309
740,Urban Airship,www.urbanairship.com,642 Harrison St,San Francisco,CA,94107,37.783797,-122.396507
391,LeapFrog,leapfrog.com,6401 Hollis St #100,Emeryville,CA,94608,37.845358,-122.291794
753,Vineti,vineti.com,633 Howard St,San Francisco,CA,94105,37.785928,-122.398847
206,Divvy Homes,www.divvyhomes.com,633 Folsom St Floor #5,San Francisco,CA,94107,37.784547,-122.397215
537,Prezi,prezi.com,633 Folsom St,San Francisco,CA,9410,37.784517,-122.397194
497,Optimizely,www.optimizely.com,631 Howard St #100,San Francisco,CA,94105,37.786029,-122.398555
878,Hewlett-Packard Enterprise,hpe.com,6280 America Center Dr,San Jose,CA,95002,37.419235,-121.978859
525,Pixlee,www.pixlee.com,625 Market St Suite 900,San Francisco,CA,94105,37.788622,-122.40164
397,Lightbend,www.lightbend.com,625 Market St Suite 1000,San Francisco,CA,94105,37.788653,-122.40168
114,Brightpearl,www.brightpearl.com,625 Market St,San Francisco,CA,94105,37.788653,-122.40168
373,Kentik,www.kentik.com,625 2nd Street Suite 100,San Francisco,CA,94107,37.781695,-122.39106
333,IGN Entertainment,corp.ign.com,625 2nd St,San Francisco,CA,94107,37.781695,-122.39106
93,Blackhawk Network,blackhawknetwork.com,6220 Stoneridge Mall Rd,Pleasanton,CA,94588,37.695488,-121.9218
655,SpringML,springml.com,6200 Stoneridge Mall Rd SUITE 300,Pleasanton,CA,94588,37.695881,-121.924518
416,Mailgun,www.mailgun.com,620 Folsom St # 100,San Francisco,CA,94107,37.785269,-122.397576
1000,DeltaTrak,deltatrak.com,6140 Stoneridge Mall Rd #180,Pleasanton,CA,94588,37.697751,-121.923222
721,Tradeshift,tradeshift.com,612 Howard St,San Francisco,CA,94105,37.78671,-122.398897
787,Workday,www.workday.com,6110 Stoneridge Mall Rd,Pleasanton,CA,94588,37.697788,-121.925522
669,Strive Talent,strive.co,611 S Van Ness Ave 2nd floor,San Francisco,CA,94110,37.763441,-122.417039
23,Aerotek,www.aerotek.com,611 Gateway Blvd Suite 600,South San Francisco,CA,94080,37.65869,-122.400136
82,Betterment,www.betterment.com,61 W 23rd St,New York,NY,10010,40.74273,-73.991864
886,SentinelOne,sentinelone.com,605 Fairchild Dr #2234,Mountain View,CA,94043,37.402611,-122.049253
727,Truly,truly.co,604 Mission St Suite 200,San Francisco,CA,94115,37.78797,-122.400204
18,Adobe,www.adobe.com,601 Townsend St,San Francisco,CA,94103,37.771206,-122.401662
822,Court Buddy,courtbuddy.com,601 California St,San Francisco,CA,94108,37.792359,-122.404738
152,Clearbit,clearbit.com,601 4th Street Suite #310,San Francisco,CA,94107,37.778035,-122.396166
504,PagerDuty,www.pagerduty.com,600 Townsend St #200,San Francisco,CA,94103,37.771696,-122.40257
21,Advent Software,www.advent.com,600 Townsend St,San Francisco,CA,94103,37.771704,-122.402634
468,NepFin,www.nepfin.com,600 Montgomery St Suite 260,San Francisco,CA,94111,37.795184,-122.402764
547,Quid,quid.com,600 Harrison St #400,San Francisco,CA,94107,37.784126,-122.395826
737,Udemy,www.udemy.com,600 Harrison St,San Francisco,CA,94107,37.784199,-122.395895
17,Admitsee,www.admitsee.com,600 California St 11th Floor,San Francisco,CA,94109,37.792955,-122.404794
652,Spotinst,spotinst.com,600 California St,San Francisco,CA,94108,37.792922,-122.404737
553,RainForest QA,www.rainforestqa.com,600 Battery St,San Francisco,CA,94111,37.797587,-122.400685
270,Gemini,gemini.com,600 3rd Ave,New York,NY,10016,40.749324,-73.975909
137,Castle,castle.io,60 Rausch St #205,San Francisco,CA,94103,37.776142,-122.409695
624,SignalFx,signalfx.com,60 E 3rd Ave Suite 225,San Mateo,CA,94401,37.563562,-122.324503
747,Verkada,verkada.com,60 E 3rd Ave #300,San Mateo,CA,94401,37.563562,-122.324503
195,Dataminr,www.dataminr.com,6 E 32nd St,New York,NY,10016,40.746545,-73.984982
50,Apollo,www.apollo.io,599 2nd St,San Francisco,CA,94107,37.782263,-122.392143
814,Zymergen,zymergen.com,5980 Horton St #105,Emeryville,CA,94608,37.841406,-122.291085
531,Postman,www.getpostman.com,595 Market Street,San Francisco,CA,94105,37.789215,-122.4008
781,Wollborg Michelson Recruiting,www.wmjobs.com,595 Market St Suite 2570,San Francisco,CA,94105,37.789215,-122.4008
248,FinancialForce,financialforce.com,595 Market St #2700,San Francisco,CA,94105,37.789215,-122.4008
467,Nelson Staffing,nelsonjobs.com,595 Market St #1275,San Francisco,CA,94104,37.789215,-122.4008
632,Slashdot Media,slashdot.org,594 Howard St,San Francisco,CA,94105,37.787077,-122.398189
476,Neyborly,www.neyborly.com,590 Sutter St,San Francisco,CA,94102,37.789137,-122.410081
458,MoveWith,www.movewith.com,590 Howard St,San Francisco,CA,94105,37.787171,-122.398138
34,Algolia,www.algolia.com,589 Howard St,San Francisco,CA,94105,37.78691,-122.397679
673,SV Angel,svangel.com,588 Sutter St #299,San Francisco,CA,94102,37.789279,-122.410011
240,Exponential,exponential.com,5858 Horton St #300,Emeryville,CA,94608,37.840151,-122.290686
818,Blackbaud,www.blackbaud.com,5858 Horton St,Emeryville,CA,94608,37.840151,-122.290686
133,Carbon Five,www.carbonfive.com,585 Howard St 2nd Fl,San Francisco,CA,94105,37.786969,-122.397569
439,Method,www.method.com,585 Howard St,San Francisco,CA,94105,37.786908,-122.397483
156,ClickUp,clickup.com,580 Howard St Unit 101,San Francisco,CA,94105,37.787258,-122.398063
385,Lattice,lattice.com,580 Howard St #102,San Francisco,CA,94105,37.787258,-122.398063
102,Blurb,www.blurb.com,580 California St # 300,San Francisco,CA,94104,37.792982,-122.404143
190,CyberCube,www.cybcube.com,58 2nd St 3rd floor,San Francisco,CA,94105,37.788465,-122.400666
175,comma.ai,comma.ai,579 Kansas St,San Francisco,CA,94107,37.762642,-122.402942
823,Deliverr,deliverr.com,577 Howard St 4th Floor,San Francisco,CA,94105,37.787107,-122.397547
913,GoodRx,goodrx.com,577 2nd St Suite 103,San Francisco,CA,94107,37.782257,-122.392295
606,Scion Staffing,scionstaffing.com,576 Sacramento St,San Francisco,CA,94111,37.793954,-122.402636
106,Bradfield School of Computer Science,bradfieldcs.com,576 Natoma St,San Francisco,CA,94103,37.778974,-122.409555
98,Blue River Technology,www.bluerivertechnology.com,575 N Pastoria Ave,Sunnyvale,CA,94085,37.391861,-122.034289
724,Trifacata,www.trifacta.com,575 Market Street 11th Floor,San Francisco,CA,94105,37.789551,-122.400313
772,Wellio,getwellio.com,575 Market St Suite 502,San Francisco,CA,94105,37.789551,-122.400313
685,Talentburst,www.talentburst.com,575 Market St Suite 3025,San Francisco,CA,94105,37.789551,-122.400313
795,Yext,www.yext.com,575 Market St Suite 3000,San Francisco,CA,94105,37.789831,-122.400272
867,Codility,codility.com,575 Market St Floor 4,San Francisco,CA,94105,37.789551,-122.400313
464,Namely,www.namely.com,575 Market St,San Francisco,CA,94105,37.789551,-122.400313
421,Mashery,www.mashery.com,575 Market St,San Francisco,CA,94105,37.789551,-122.400313
362,Judge Group,www.judge.com,575 Market St,San Francisco,CA,94105,37.789551,-122.400313
293,Greenhouse Software,www.greenhouse.io,575 Market St,San Francisco,CA,94105,37.789551,-122.400313
166,Codecademy,www.codecademy.com,575 Broadway,New York,NY,10012,40.724518,-73.997855
24,AEye,aeye.ai,5700 Stoneridge Dr #102,Pleasanton,CA,94588,37.691173,-121.891925
36,Allbirds,www.allbirds.com,57 Hotaling Pl,San Francisco,CA,94111,37.796147,-122.40294
187,Crunchbase,www.crunchbase.com,564 Market St #700,San Francisco,CA,94104,37.789685,-122.401137
526,Plaid,plaid.com,564 Market St,San Francisco,CA,94104,37.789685,-122.401137
283,GoDaddy,www.godaddy.com,560 Sutter St Suite 300,San Francisco,CA,94102,37.789371,-122.409649
14,Accenture,www.accenture.com,560 Mission St #1200,San Francisco,CA,94105,37.788696,-122.399372
367,JUUL Labs,juul.com,560 20th St,San Francisco,CA,94107,37.760795,-122.386129
541,Proto.io,proto.io,56 2nd street,San Francisco,CA,94105,37.78848,-122.400667
830,LoanSnap,goloansnap.com,556 Sutter St,San Francisco,CA,94102,37.789262,-122.409589
1069,Planful,planful.com,555 Twin Dolphin Dr #400,Redwood City,CA,94065,37.520957,-122.256128
941,Inflection.com,inflection.com,555 Twin Dolphin Dr,Redwood City,CA,94065,37.521019,-122.256482
327,HotSchedules,www.hotschedules.com,555 Mission Street Ste. 3350,San Francisco,CA,94105,37.788564,-122.398535
1086,Infosys,infosys.com,555 Mission St. Suite 1950,San Francisco,CA,94105,37.78869,-122.398695
810,Zoosk,zoosk.com,555 Mission St,San Francisco,CA,94105,37.782452,-122.409592
647,Spark Program,sparkprogram.org,555 De Haro Street Suite 330,San Francisco,CA,94107,37.762571,-122.400835
443,Mindsource,mindsource.com,555 Clyde Ave # 100,Mountain View,CA,94043,37.399445,-122.046322
604,Scality,scality.com,555 California St Suite 3050,San Francisco,CA,94104,37.79206,-122.403706
1087,IBM,ibm.com,555 Bailey Ave,San Jose,CA,95141,37.195907,-121.748586
65,Ask Media Group,www.askmediagroup.com,555 12th St,Oakland,CA,94607,37.803686,-122.275269
372,KBC Staffing,kbcstaffing.com,555 12th St,Oakland,CA,94607,37.803686,-122.275269
870,AspireIQ,aspireiq.com,550 Montgomery St,San Francisco,CA,94111,37.794546,-122.402935
331,iCrossing,www.icrossing.com,550 Kearny Street 4th Floor,San Francisco,CA,94108,37.79327,-122.404348
755,Visby,www.visby.io,550 Bryant St,San Francisco,CA,94107,37.780552,-122.397193
456,Motionloft,motionloft.com,550 15th St,San Francisco,CA,94103,37.767304,-122.406142
678,Swrve,swrve.com,55 Stockton St #400,San Francisco,CA,94108,37.786345,-122.406709
809,Zinc,zinc.it,55 New Montgomery St Suite #888,San Francisco,CA,94105,37.788242,-122.401051
760,Vonnda,www.vonnda.com,55 New Montgomery St #401,San Francisco,CA,94105,37.788112,-122.401136
896,LocusLabs,locuslabs.com,55 Harrison St #200,Oakland,CA,94607,37.793706,-122.273894
706,The League,www.theleague.com,55 Grace St,San Francisco,CA,94103,37.775041,-122.414533
784,Wonderware,www.wonderware.com,55 Francisco St #310,San Francisco,CA,94133,37.805468,-122.406402
228,Endpoint Clinical,www.endpointclinical.com,55 Francisco St #200,San Francisco,CA,94133,37.805468,-122.406402
707,The RealReal,www.therealreal.com,55 Francisco St,San Francisco,CA,94133,37.805716,-122.405486
349,Intercom,www.intercom.com,55 2nd St,San Francisco,CA,94105,37.788806,-122.400313
953,Marvell,marvell.com,5488 Marvell Ln,Santa Clara,CA,95054,37.411865,-121.982146
797,Zapier,zapier.com,548 Market St. #62411,San Francisco,CA,94104,37.790047,-122.400874
170,Coinbase,www.coinbase.com,548 Market St #23008,San Francisco,CA,94104,37.790029,-122.40084
291,Grammarly,www.grammarly.com,548 Market St,San Francisco,CA,94104,37.790047,-122.400874
748,Vero,www.getvero.com,548 Market St,San Francisco,CA,94104,37.790047,-122.400874
919,Arista,arista.com,5453 Great America Pkwy,Santa Clara,CA,95054,37.412161,-121.97603
513,PeopleConnect Staffing,www.peopleconnectstaffing.com,543 Howard St,San Francisco,CA,94105,37.787637,-122.396728
183,Cricket Health,crickethealth.com,540 Howard St 2nd Floor,San Francisco,CA,94105,37.787956,-122.397247
559,RazorFrog,razorfrog.com,540 Howard St,San Francisco,CA,94105,37.787956,-122.397247
964,Palantir,palantir.com,540 Emerson St,Palo Alto,CA,94301,37.443844,-122.162189
599,Sauce Labs,saucelabs.com,539 Bryant St #303,San Francisco,CA,94107,37.780146,-122.396756
329,Hover,www.hover.to,539 Bryant St,San Francisco,CA,94107,37.780243,-122.396684
321,Honeybook,www.honeybook.com,539 Bryant St,San Francisco,CA,94107,37.780243,-122.396684
726,Trulia,www.trulia.com,535 Mission Street Suite 700,San Francisco,CA,94105,37.78889,-122.398091
326,HotPads,hotpads.com,535 Mission Street Suite 700,San Francisco,CA,94105,37.78889,-122.398091
109,Branch International,branch.co,535 Mission Street,San Francisco,CA,94105,37.788866,-122.39821
425,Mattermark,mattermark.com,535 Mission St Suite 2018,San Francisco,CA,94105,37.78889,-122.398091
761,Voxbone,www.voxbone.com,535 Mission St,San Francisco,CA,94105,37.788866,-122.39821
854,Thorn,www.thorn.org,535 Mission St,San Francisco,CA,94106,37.788891,-122.3981
687,Talkdesk,www.talkdesk.com,535 Mission St,San Francisco,CA,94105,37.789059,-122.398104
434,MemSQL,www.memsql.com,534 Fourth Street,San Francisco,CA,94107,37.778744,-122.397673
426,Mattermost,mattermost.com,530 Lytton Ave Suite 201,Palo Alto,CA,94301,37.44934,-122.15997
862,TalentSeer,talentseer.com,530 Lakeside Dr,Sunnyvale,Ca,94085,37.384261,-121.992675
1068,Pared,pared.com,530 Howard Street,San Francisco,CA,94105,37.788099,-122.397105
715,Thunder,www.makethunder.com,530 Bush Street,San Francisco,CA,94108,37.790809,-122.406076
663,Stitcher,stitcher.com,527 Howard Street 4th Floor,San Francisco,CA,94105,37.787829,-122.396529
824,Dharma Labs,dharma.io,527 Howard St,San Francisco,CA,94105,37.787829,-122.396529
398,LightStep,lightstep.com,525 Market St #3050,San Francisco,CA,94105,37.790503,-122.39903
613,Sephora,sephora.com,525 Market St,San Francisco,CA,94105,37.790503,-122.39903
1003,Front,frontapp.com,525 Brannan Street #300,San Francisco,CA,94107,37.777503,-122.39706
263,Front App,frontapp.com,525 Brannan Street #300,San Francisco,CA,94107,37.777503,-122.39706
462,MyFitnessPal,www.myfitnesspal.com,525 Brannan St,San Francisco,CA,94107,37.777503,-122.39706
244,Faire,www.faire.com,525 2nd St,San Francisco,CA,94107,37.782731,-122.392768
111,Brigade,www.brigade.com,524 3rd St,San Francisco,CA,94107,37.780864,-122.395494
489,Offset Partners,www.designbyoffset.com,523 Brown St.,Napa,CA,94559,38.293985,-122.283673
845,FileMaker,www.filemaker.com,5201 Patrick Henry Dr,Santa Clara,CA,95054,37.406436,-121.983479
1084,Tata Consultancy Services,tcs.com,5201 Great America Pkwy #522,Santa Clara,CA,95054,37.406306,-121.976493
843,Brillio,www.brillio.com,5201 Great America Pkwy,Santa Clara,CA,95054,37.406306,-121.976493
100,BlueJeans,www.bluejeans.com,516 Clyde Ave,Mountain View,CA,94043,37.398873,-122.047364
578,Ridecell,ridecell.com,514 Bryant St,San Francisco,CA,94107,37.781335,-122.396426
448,MixMax,mixmax.com,512 2nd St,San Francisco,CA,94107,37.782709,-122.393564
2,8tracks,8tracks.com,51 Sharon St,San Francisco,CA,94114,37.765227,-122.429756
657,Stackshare,stackshare.io,51 Federal St STE 402,San Francisco,CA,94107,37.783523,-122.391715
588,Rollbar,rollbar.com,51 Federal St,San Francisco,CA,94107,37.783478,-122.391728
752,VigLink,www.viglink.com,505 Sansome St #1450,San Francisco,CA,94111,37.795077,-122.401826
643,SoloLearn,sololearn.com,5020 Franklin Dr #100,Pleasanton,CA,94588,37.693842,-121.909886
332,Ideo,www.ideo.com,501 The Embarcadero Pier 28 Annex,San Francisco,CA,94105,37.788464,-122.387357
739,Upsight,www.upsight.com,501 Folsom St,San Francisco,CA,94105,37.78698,-122.39446
281,Gliffy,www.gliffy.com,501 2nd St #550,San Francisco,CA,94107,37.783226,-122.39279
1052,Quizlet,quizlet.com,501 2nd St #500,San Francisco,CA,94107,37.783226,-122.39279
45,Amplitude,amplitude.com,501 2nd St #100,San Francisco,CA,94107,37.783181,-122.392966
859,Wind River,www.windriver.com,500 Wind River Way,Alameda,CA,94501,37.781588,-122.261401
301,Gusto,gusto.com,500 Third St Suite 405,San Francisco,CA,94107,37.78084,-122.39582
172,Coit Group,www.coitgroup.com,500 Sansome St # 510,San Francisco,CA,94111,37.79521,-122.401154
222,Eero,eero.com,500 Howard St #900,San Francisco,CA,94105,37.788489,-122.396735
1085,Cognizant,cognizant.com,500 Frank W Burr Blvd,Teaneck,NJ,7666,40.873268,-74.006006
660,Stash Invest,stashinvest.com,500 7th Ave,New York,NY,10018,40.753206,-73.989326
625,Simple Habit,simplehabit.com,500 3rd St #535,San Francisco,CA,94107,37.780816,-122.395666
253,Fivestars,www.fivestars.com,500 3rd St #405,San Francisco,CA,94107,37.780816,-122.395666
852,Proxy,www.proxy.com,500 3rd St #245,San Francisco,CA,94107,37.780816,-122.395666
275,Gigster,gigster.com,500 3rd St #245,San Francisco,CA,94107,37.78084,-122.39582
666,Strava,strava.com,500 3rd St # 110,San Francisco,CA,94107,37.780816,-122.395666
339,inDinero,www.indinero.com,50 Osgood Pl #220,San Francisco,CA,94133,37.798025,-122.402939
889,Veem,Veem.com,50 Osgood Pl,San Francisco,CA,94133,37.797972,-122.402886
46,Anaplan,anaplan.com,50 Hawthorne St,San Francisco,CA,94107,37.7851,-122.398808
594,Salesforce,www.salesforce.com,50 Fremont St,San Francisco,CA,94105,37.790503,-122.397215
585,Robert Half,www.roberthalf.com,50 California St Floor 10,San Francisco,CA,94111,37.794049,-122.397304
465,Narvar,corp.narvar.com,50 Beale St 7th floor,San Francisco,CA,94105,37.791139,-122.396067
347,Instacart,www.instacart.com,50 Beale St #600,San Francisco,CA,94105,37.791139,-122.396067
866,Zipline,flyzipline.com,495 Pine Ave,Half Moon Bay,CA,94019,37.465188,-122.435223
801,Zendrive,www.zendrive.com,495 3rd Street,San Francisco,CA,94107,37.781615,-122.395902
268,GarageScript,garagescript.org,490 W San Carlos St,San Jose,CA,95110,37.325786,-121.898008
112,BrightBytes,www.brightbytes.net,490 2nd Street Suite 302,San Francisco,CA,94107,37.783046,-122.394067
427,Matterport,matterport.com,49 Stevenson St,San Francisco,CA,94105,37.789866,-122.399329
812,Zumper,zumper.com,49 Geary St #350,San Francisco,CA,94108,37.787698,-122.404288
665,Stratim,stratim.com,489 Clementina Street Floor 2,San Francisco,CA,94103,37.779173,-122.405746
662,Stitch Labs,stitchlabs.com,489 Clementina St,San Francisco,CA,94103,37.779173,-122.405746
231,Envoy,envoy.com,488 Bryant St,San Francisco,CA,94107,37.781752,-122.395705
66,ASUS,www.asus.com,48720 Kato Rd,Fremont,CA,94538,37.461544,-121.923311
865,WorkBoard,workboard.com,487 Seaport Ct #100,Redwood City,CA,94063,37.50372,-122.212355
1074,Infogain,infogain.com,485 Alberto Way #100,Los Gatos,CA,95032,37.229674,-121.971945
885,Riffyn,riffyn.com,484 9th St,Oakland,CA,94607,37.801299,-122.274085
758,Voiceops,voiceops.com,483 Bryant St,San Francisco,CA,94107,37.781507,-122.395228
897,Manifold,manifold.ai,483 9th St #100,Oakland,CA,94607,37.800993,-122.274212
857,Tynker,www.tynker.com,480 San Antonio Rd #100,Mountain View,CA,94040,37.404447,-122.112369
840,Tundra,tundra.com,476 Jackson St,San Francisco,CA,94111,37.796532,-122.403146
686,Talkable,www.talkable.com,475 Valencia St 2nd Floor,San Francisco,CA,94103,37.765377,-122.421552
42,Amazon Web Services,aws.training,475 Sansome St,San Francisco,Ca,94111,37.794573,-122.40194
960,NetApp,netapp.com,475 E Java Dr,Sunnyvale,CA,94089,37.411384,-122.01254
423,MasterClass,www.masterclass.com,475 Brannan St Ste 220,San Francisco,CA,94107,37.77862,-122.395179
906,Airbase,airbase.com,475 Brannan St #320,San Francisco,CA,94107,37.77862,-122.395179
977,Upwork,upwork.com,475 Brannan St,San Francisco,CA,94107,37.77879,-122.395539
1077,Tascent,tascent.com,475 Alberto Way,Los Gatos,CA,95032,37.229431,-121.971254
910,Customer Lobby,customerlobby.com,475 14th St #850,Oakland,CA,94612,37.804518,-122.272367
71,Avatier,avatier.com,4733 Chabot Dr,Pleasanton,CA,94588,37.697076,-121.900639
832,Modern Health,joinmodernhealth.com,470 Vallejo St,San Francisco,CA,94133,37.799218,-122.405185
713,Thrive Global,thriveglobal.com,470 Bryant St,San Francisco,CA,94107,37.781999,-122.395384
388,Leadspace,leadspace.com,47 Kearny St. Suite 600,San Francisco,CA,94108,37.788505,-122.403884
1024,Mentor Graphics,mentor.com,46871 Bayside Pkwy,Fremont,CA,94538,37.479393,-121.942169
446,MissionU,www.missionu.com,466 Geary St Suite 401,San Francisco,CA,94102,37.787278,-122.410924
445,Mira,miracare.com,4637 Chabot Dr Suite 230,Pleasanton,CA,94588,37.692439,-121.900639
1046,ThinkHR,thinkhr.com,4637 Chabot Dr #200,Pleasanton,CA,94588,37.692439,-121.900639
20,AdStage,www.adstage.io,461 Bush St 4th Floor,San Francisco,CA,94108,37.790365,-122.405118
309,Heap,heapanalytics.com,460 Bryant Street 3rd floor,San Francisco,CA,94107,37.78221,-122.395299
884,PubNub,pubnub.com,460 Bryant St Floor 2,San Francisco,CA,94107,37.782299,-122.395291
696,Teespring,teespring.com,460 Bryant St #200,San Francisco,CA,94107,37.78221,-122.395299
771,Weebly,weebly.com,460 Bryant St,San Francisco,CA,94107,37.78221,-122.395299
43,Ambient.ai,ambient.ai,459 Hamilton Ave,Palo Alto,CA,94301,37.447222,-122.158617
991,Brilliant,brilliantmade.com,456 Montgomery St Suite 750,San Francisco,CA,94104,37.793608,-122.402614
779,Wizeline,www.wizeline.com,456 Montgomery St #2200,San Francisco,CA,94104,37.793458,-122.402771
314,Hingeto,hingeto.com,456 8th St,Oakland,CA,94607,37.800585,-122.274206
803,Zenput,www.zenput.com,454 Natoma St,San Francisco,CA,94103,37.781002,-122.406912
562,Red Bridge Internet,www.redbridgenet.com,454 Ivy Street,San Francisco,CA,94102,37.777158,-122.425696
150,Clara Analytics,www.claraanalytics.com,451 El Camino Real #201,Santa Clara,CA,95050,37.35087,-121.932689
1,3scale,3scale.net,450 Townsend St #204,San Francisco,CA,94107,37.774634,-122.398642
825,DiDi Labs,didi-labs.com,450 National Ave,Mountain View,CA,94043,37.40184,-122.052942
837,Spin,spin.app,450 Mission Street,San Francisco,CA,94105,37.790135,-122.397464
708,The Sourcery,thesourcery.com,450 Mission St #101,San Francisco,CA,94105,37.790135,-122.397464
323,Horizons School of Technology,www.joinhorizons.com,450 9th St,San Francisco,CA,94103,37.771581,-122.409606
90,Birst,www.birst.com,45 Fremont Street,San Francisco,CA,94105,37.791249,-122.397149
1040,SmartZip,smartzip.com,4450 Rosewood Dr #300,Pleasanton,CA,94588,37.697023,-121.883922
1036,ServiceMax,servicemax.com,4450 Rosewood Dr #200,Pleasanton,CA,94588,37.697023,-121.883922
204,Discord,discordapp.com,445 De Haro St,San Francisco,CA,94107,37.763973,-122.401277
494,OpenDNS,www.opendns.com,444 Townsend St,San Francisco,CA,94107,37.77497,-122.398526
596,Samsara,www.samsara.com,444 De Haro St #101,San Francisco,CA,94107,37.764616,-122.401862
267,Galvanize,www.galvanize.com/san-francisco,44 Tehama St,San Francisco,CA,94105,37.787601,-122.396643
299,GrowthX,growthx.com,44 Tehama St,San Francisco,CA,94105,37.787601,-122.396643
1014,Kintone,kintone.com,44 Montgomery St 3rd floor,San Francisco,CA,94104,37.789731,-122.401906
695,TechSoup,www.techsoup.org,435 Brannan St,San Francisco,CA,94107,37.77906,-122.394821
994,Cloudera,cloudera.com,433 California St,San Francisco,CA,94104,37.792699,-122.401684
147,Circle Medical,www.circlemedical.com,431 Jessie Street,San Francisco,CA,94103,37.782141,-122.408098
633,SlashNext,slashnext.com,4301 Hacienda Dr STE 550,Pleasanton,CA,94588,37.692513,-121.893005
877,Harmonic,harmonicinc.com,4300 N 1st St,San Jose,CA,95134,37.421136,-121.961086
745,Veeva,veeva.com,4280 Hacienda Dr,Pleasanton,CA,94588,37.690156,-121.895304
139,Ceres Imaging,ceresimaging.net,428 13th St Suite #200,Oakland,CA,94612,37.803616,-122.27108
350,interviewing.io,interviewing.io,427 Bryant St,San Francisco,CA,94107,37.782399,-122.394087
533,Powerhouse,powerhouse.fund,426 17th St #700,Oakland,CA,94612,37.806579,-122.268978
873,Crossover Hub,crossoverhub.com,42514 Albrae St,Fremont,CA,94538,37.508858,-121.970526
924,Craigslist Foundation,craigslistfoundation.org,425 Minna St,San Francisco,CA,NaN,37.78196,-122.40635
738,Upgrade,www.upgrade.com,425 California Street,San Francisco,CA,94104,37.792798,-122.401375
308,Headspace,headspace.com,425 California St,San Francisco,CA,94104,37.792792,-122.401422
568,ReferralExchange,www.referralexchange.com,425 Bush St #200,San Francisco,CA,94108,37.790431,-122.404473
130,Capgemini,www.capgemini.com,425 Brannan St,San Francisco,CA,94107,37.779352,-122.394737
509,Parsable,www.parsable.com,425 2nd Street,San Francisco,CA,94107,37.784312,-122.394425
320,Homebase,joinhomebase.com,425 2nd St #450,San Francisco,CA,94107,37.784273,-122.394471
690,TaskRabbit,www.taskrabbit.com,425 2nd St,San Francisco,CA,94107,37.784312,-122.394425
1063,Klarity Law,tryklarity.com,418 Pierce St,San Francisco,CA,94117,37.774146,-122.433904
636,SmartBiz Loans,smartbizloans.com,417 Montgomery Street,San Francisco,CA,94104,37.793398,-122.403228
217,EasyPost,www.easypost.com,417 Montgomery St,San Francisco,CA,94104,37.793398,-122.403228
163,Clover Network,clover.com,415 N Mathilda Ave,Sunnyvale,CA,94085,37.386705,-122.03198
775,WeWork,wework.com,415 Mission St,San Francisco,CA,94105,37.789816,-122.396905
460,MuleSoft,mulesoft.com,415 Mission St,San Francisco,CA,94105,37.789816,-122.396905
538,Product School,www.productschool.com,415 Jackson Street Suite B,San Francisco,CA,94111,37.796319,-122.402347
335,Imgur,imgurinc.com,415 Jackson St #200,San Francisco,CA,94111,37.796319,-122.402347
756,Vitagene,vitagene.com,415 Brannan St,San Francisco,CA,94107,37.779604,-122.394536
126,CallidusCloud,calliduscloud.com,4140 Dublin Blvd #400,Dublin,CA,94568,37.70257,-121.875051
592,Saba Software,saba.com,4120 Dublin Blvd suite 200,Dublin,CA,94568,37.703718,-121.873605
492,Onesignal,onesignal.com,411 Borel Ave #512,San Mateo,CA,94402,37.548326,-122.320274
117,Broadly,broadly.com,409 13th St Suite 300,Oakland,CA,94612,37.80313,-122.270816
522,Pique Tea,www.piquetea.com,4083 24th Street #460610,San Francisco,CA,94114,37.751103,-122.433595
449,Mixpanel,mixpanel.com,405 Howard St,San Francisco,CA,94105,37.788533,-122.395069
254,Fivetran,fivetran.com,405 14th St Floor 11,Oakland,CA,94612,37.80372,-122.270341
101,BlueVine,bluevine.com,401 Warren St #300,Redwood City,CA,94063,37.487126,-122.232107
252,Five9,five9.com,4000 Executive Pkwy #400,San Ramon,CA,94583,37.769476,-121.967804
168,Codexis,codexis.com,400 Penobscot Dr,Redwood City,CA,94063,37.500281,-122.216549
694,Techees Recruiting,techees.com,400 Market St,San Francisco,CA,94111,37.791783,-122.398544
383,Kyokan,www.kyokan.io,400 Estudillo Ave suite 202,San Leandro,CA,94577,37.726286,-122.152051
561,Recurly,recurly.com,400 Alabama St,San Francisco,CA,94110,37.763815,-122.412607
645,Sony PlayStation,www.playstation.com/en-us,400 2nd St,San Francisco,CA,94107,37.783888,-122.395409
220,Eaze,www.eaze.com,4 Embarcadero Center,San Francisco,CA,94111,37.79539,-122.396107
144,Chegg,www.chegg.com,3990 Freedom Cir,Santa Clara,CA,95054,37.388454,-121.972382
925,DataStax,datastax.com,3975 Freedom Cir,Santa Clara,CA,95054,37.387153,-121.973883
348,Intelliswift,intelliswift.com,39600 Balentine Dr #200,Newark,CA,94560,37.52388,-121.996495
956,Medallia,medallia.com,395 Page Mill Rd,Palo Alto,CA,94306,37.425606,-122.139163
488,Odopod,www.odopod.com,391 Grove St,San Francisco,CA,94102,37.777761,-122.422861
1021,Matchpoint Solutions,matchps.com,3875 Hopyard Rd #325,Pleasanton,CA,94588,37.684027,-121.90224
77,Bebo,bebo.com,387 Tehama St,San Francisco,CA,94103,37.781274,-122.403895
184,Criteo,www.criteo.com,387 Park Ave S,New York,NY,10016,40.742901,-73.984138
874,Datrium,datrium.com,385 Moffett Park Dr #205,Sunnyvale,CA,94089,37.40639,-122.016012
1057,Descript,descript.com,385 Grove St,San Francisco,CA,94118,37.777746,-122.422654
820,Change,www.change.org,383 Rhode Island St,San Francisco,CA,94103,37.765052,-122.40226
179,Coursera,www.coursera.org,381 E Evelyn Ave,Mountain View,CA,94041,37.386873,-122.060787
366,JustAnswer,justanswer.com,38 Keyes Ave #1 Building 38,San Francisco,CA,94129,37.79964,-122.456665
909,Commure,commure.com,376 Brannan St,San Francisco,CA,94107,37.780631,-122.394021
731,Twilio,www.twilio.com,375 Beale St,San Francisco,CA,94105,37.788012,-122.39152
888,Tally,meettally.com,375 Alabama Street Suite 325,San Francisco,CA,94110,37.764494,-122.411951
766,Wanelo,wanelo.com,375 Alabama St #400,San Francisco,CA,94110,37.764564,-122.41189
1006,Grand Rounds,grandrounds.com,370 3rd St,San Francisco,CA,94107,37.782688,-122.398342
7,80Twenty,80twenty.com,369 Pine St #208,San Francisco,CA,94104,37.791722,-122.40202
402,Literably,literably.com,364 Utah St,San Francisco,CA,94103,37.764963,-122.406581
158,Cloud4Wi,cloud4wi.com,363 Clementina St,San Francisco,CA,94103,37.781278,-122.402944
922,Cisco,cisco.com,3605 Cisco Way,San Jose,CA,95134,37.408175,-121.928128
368,Kaiser Permanente,kaiserpermanente.org,3600 Broadway,Oakland,CA,94611,37.823492,-122.258122
796,Yodlee,yodlee.com,3600 Bridge Pkwy Suite 200,Redwood City,CA,94065,37.537298,-122.254532
31,AKQA,www.akqa.com,360 Third St,San Francisco,CA,94107,37.782707,-122.398354
735,uBiome,ubiome.com,360 Langton St Suite #301,San Francisco,CA,94103,37.773057,-122.404561
777,Wikia,www.wikia.com/fandom,360 3rd St #750,San Francisco,CA,94107,37.782707,-122.398354
357,Iterable,iterable.com,360 3rd St #675,San Francisco,CA,94107,37.782678,-122.398368
619,ShopPad,theshoppad.com,360 22nd St,Oakland,CA,94612,37.811068,-122.265617
365,Juniper Square,junipersquare.com,351 California St Ste 1450,San Francisco,CA,94104,37.792902,-122.400733
701,Tesla,www.tesla.com,3500 Deer Creek Rd,Palo Alto,CA,94304,37.394838,-122.150389
501,Ouster,www.ouster.io,350 Treat Ave,San Francisco,CA,94110,37.764397,-122.413721
247,Fin,www.fin.com,350 Sansome Street Floor 9,San Francisco,CA,94104,37.793812,-122.400951
241,Extole,www.extole.com,350 Sansome St #700,San Francisco,CA,94104,37.793812,-122.400951
710,Thirdlove,www.thirdlove.com,350 Rhode Island St,San Francisco,CA,94103,37.765667,-122.403145
951,MapR Technologies,mapr.com,350 Holger Way,San Jose,CA,95134,37.418436,-121.944978
386,Launch Darkly,launchdarkly.com,350 Frank H Ogawa Plaza,Oakland,CA,94612,37.80614,-122.27157
681,Symantec,symantec.com,350 Ellis Street,Mountain View,CA,94043,37.397614,-122.053924
774,WePay,go.wepay.com,350 Convention Way #200,Redwood City,CA,94063,37.49396,-122.227933
91,BitBucket,bitbucket.org,350 Bush St,San Francisco,CA,94104,37.791355,-122.403396
1054,Atlassian,atlassian.com,350 Bush St,San Francisco,CA,94104,37.791008,-122.403322
57,Appodeal,www.appodeal.com,350 Alabama St #10,San Francisco,CA,94110,37.76481,-122.412706
258,Formation,formation.ai,35 Stillman St,San Francisco,CA,94107,37.782762,-122.394848
732,Twitch,www.twitch.tv,348 Bush St,San Francisco,CA,94104,37.791025,-122.403217
527,Planet,www.planet.com,346 9th Street,San Francisco,CA,94103,37.773063,-122.411185
431,Medrio,medrio.com,345 California St #325,San Francisco,CA,94104,37.792619,-122.400424
1012,JetFuel,jetfuel.it,345 9th St Unit 202,San Francisco,CA,94103,37.773369,-122.410884
853,Retool,retool.com,3444 16th St,San Francisco,CA,94114,37.764695,-122.429561
692,Tech Liminal,techliminal.com,344 Thomas L Berkley Way #340,Oakland,CA,94612,37.808926,-122.265351
78,Bedrock Analytics,bedrockanalytics.com,344 20th St Suite 115,Oakland,CA,94612,37.809245,-122.265106
911,Distru,distru.com,344 20th St,Oakland,CA,94612,37.808372,-122.265387
30,Airware,www.airware.com,343 Sansome St #600,San Francisco,CA,94104,37.793697,-122.401731
598,SAP,sap.com,3410 Hillview Ave,Palo Alto,CA,94304,37.398759,-122.146484
757,VMWare,www.vmware.com,3401 Hillview Ave,Palo Alto,CA,94304,37.402086,-122.144617
336,Imperva,imperva.com,3400 Bridge Pkwy,Redwood City,CA,94065,37.537772,-122.25518
677,Swing Talent,swingtalent.com,339 15th St #202,Oakland,CA,94612,37.804149,-122.26788
207,DIY,diy.org,3360 20th St,San Francisco,CA,94110,37.75903,-122.416221
583,Rithm School,www.rithmschool.com,3338 17th St #100,San Francisco,CA,94110,37.763528,-122.4208
921,CipherCloud,ciphercloud.com,333 W San Carlos St,San Jose,CA,95110,37.328862,-121.893598
680,Syllable.ai,syllable.ai,333 W El Camino Real,Sunnyvale,CA,94087,37.369399,-122.035872
844,Diffbot,www.diffbot.com,333 Ravenswood Ave,Menlo Park,CA,94025,37.457562,-122.176536
819,BlackBird,flyblackbird.com,333 Kearny St,San Francisco,CA,94108,37.791246,-122.404357
676,SwiftStack,swiftstack.com,333 Bush St #1650,San Francisco,CA,94104,37.790643,-122.403057
346,Insikt,www.insikt.com/#,333 Bush St,San Francisco,CA,94104,37.790643,-122.403057
295,Groove Labs,www.groove.co,333 Bryant St,San Francisco,CA,94107,37.783836,-122.392073
875,Directly,directly.com,333 Bryant St,San Francisco,CA,94107,37.783789,-122.39217
213,Dropbox,www.dropbox.com,333 Brannan St,San Francisco,CA,94107,37.780811,-122.392494
704,The Athletic,theathletic.com,332 Pine St,San Francisco,CA,94104,37.792234,-122.401542
716,TIBCO Software,tibco.com,3307 Hillview Ave,Palo Alto,CA,94304,37.407268,-122.145009
407,Logikcull,logikcull.com,330 Townsend Street Suite 335,San Francisco,CA,94107,37.77686,-122.396108
58,Apptimize,apptimize.com,330 Townsend St Suite 234,San Francisco,CA,94107,37.77686,-122.396108
424,Matter,matterapp.com,33 Zoe St,San Francisco,CA,94107,37.780427,-122.395991
618,Shopify,shopify.com,33 New Montgomery St. Ste 750,San Francisco,CA,94105,37.788585,-122.401273
358,Jobspring Partners,www.jobspringpartners.com,33 New Montgomery St Suite 1150,San Francisco,CA,94105,37.788445,-122.401534
256,Fond,fond.co,33 New Montgomery St #700,San Francisco,CA,94105,37.788585,-122.401273
786,Workbridge Associates,www.workbridgeassociates.com,33 New Montgomery St #1840,San Francisco,CA,94105,37.788445,-122.401534
343,Insight Global,www.insightglobal.com,33 New Montgomery St #1700,San Francisco,CA,94105,37.788445,-122.401534
575,Restless Bandit,restlessbandit.com,33 New Montgomery St,San Francisco,CA,94105,37.788445,-122.401534
151,ClassPass,classpass.com,33 New Montgomery St,San Francisco,CA,94105,37.788585,-122.401273
363,Jumpshot,www.jumpshot.com,329 Bryant St. Suite 3C,San Francisco,CA,94107,37.78411,-122.391727
839,Topology,topologyeyewear.com,3260 19th St,San Francisco,CA,94110,37.760577,-122.416398
611,Sendwithus,sendwithus.com,3252a 19th St,San Francisco,CA,94110,37.760528,-122.416168
292,Greenfield Labs,greenfieldlabs.com,3251 Hillview Ave,Palo Alto,CA,94304,37.408727,-122.14585
628,Skedulo,skedulo.com,325 Pacific Ave,San Francisco,CA,94111,37.797413,-122.401375
356,Ironclad,ironcladapp.com,325 5th St,San Francisco,CA,94107,37.780079,-122.402791
851,Numerator,www.numerator.com,322 Ritch St,San Francisco,CA,94107,37.77918,-122.394507
466,Naytev,www.naytev.com,322 6th Street Suite 13,San Francisco,CA,94103,37.77795,-122.405417
390,Leap Motion,www.leapmotion.com,321 11th St,San Francisco,CA,94103,37.771717,-122.413551
968,Robinhood,robinhood.com,3200 Ash St,Palo Alto,CA,94306,37.422211,-122.13708
81,Benevity,benevity.com,32 W 25th Ave #203,San Mateo,CA,94403,37.544091,-122.306726
493,OpenAI,www.openai.com,3180 18th St,San Francisco,CA,94110,37.762383,-122.414734
718,Townsquared,townsquared.com,3180 17th St,San Francisco,CA,94110,37.763825,-122.416855
76,Barracuda,www.barracuda.com,3175 S Winchester Blvd,Campbell,CA,95008,37.267651,-121.957931
393,LendingHome,www.lendinghome.com,315 Montgomery St floor 16,San Francisco,CA,94104,37.792112,-122.40288
813,Zuora,zuora.com,3050 S Delaware St #301,San Mateo,CA,94403,37.540405,-122.298993
238,Evernote,evernote.com,305 Walnut St,Redwood City,CA,94063,37.49209,-122.222378
672,Sumo Logic,sumologic.com,305 Main St,Redwood City,CA,94063,37.492762,-122.227852
15,Addepar,addepar.com,303 Bryant St,Mountain View,CA,94041,37.39267,-122.080849
679,Syapse,syapse.com,303 2nd Street South Tower Suite 650,San Francisco,CA,94107,37.785676,-122.395843
518,Periscope Data,www.periscopedata.com,303 2nd St Building Ste 200,San Francisco,CA,94107,37.785233,-122.395693
317,Hired,hired.com,303 2nd St #600,San Francisco,CA,94103,37.785233,-122.395693
54,AppDynamics,www.appdynamics.com,303 2nd St,San Francisco,CA,94107,37.785676,-122.395843
306,Handy,www.handy.com,302 E Houston St,New York,NY,10003,40.721593,-73.983459
273,Genomic Health,genomichealth.com,301 Penobscot Dr,Redwood City,CA,94063,37.498897,-122.218145
224,Elastic.co,www.elastic.co,301 Howard St. Suite 1320,San Francisco,CA,94105,37.789541,-122.394228
712,ThousandEyes,www.thousandeyes.com,301 Howard St Suite 1700,San Francisco,CA,94105,37.789527,-122.394276
177,Copper,www.copper.com,301 Howard St #600,San Francisco,CA,94105,37.789527,-122.394276
121,BuildZoom,www.buildzoom.com,301 Howard St #1410,San Francisco,CA,94105,37.789527,-122.394276
311,HelloSign,www.hellosign.com,301 Howard St,San Francisco,CA,94105,37.789527,-122.394276
205,Disqus,disqus.com,301 Howard St,San Francisco,CA,94105,37.789527,-122.394276
926,Deem,deem.com,301 Howard St,San Francisco,CA,94105,37.789483,-122.394217
490,Okta,www.okta.com,301 Brannan St,San Francisco,CA,94107,37.781405,-122.392179
671,StumbleUpon,corp.stumbleupon.com,301 Brannan St,San Francisco,CA,94107,37.781405,-122.392179
1042,Storm Ventures,stormventures.com,3000 Sand Hill Road Building 4 Suite 210,Menlo Park,CA,94025,37.42359,-122.221003
1047,Trinity Ventures,NaN,3000 Sand Hill Road Building 4 Suite 160,Menlo Park,CA,94025,37.42359,-122.221003
997,Columbus Nova,NaN,3000 Sand Hill Road Building 3 Suite 190,Menlo Park,CA,94025,37.42359,-122.221003
990,Bright Capital,NaN,3000 Sand Hill Road Building 2,Menlo Park,CA,94025,37.42359,-122.221003
1035,Sequoia Capital,sequoiacap.com,3000 Sand Hill Road,Menlo Park,CA,94025,37.42359,-122.221003
1010,Institutional Venture Partners,NaN,3000 Sand Hill Road,Menlo Park,CA,94025,37.42359,-122.221003
1025,Mohr Davidow Ventures,NaN,3000 Sand Hill Road,Menlo Park,CA,94025,37.42359,-122.221003
567,Redpoint Ventures,NaN,3000 Sand Hill Road,Menlo Park,CA,94025,37.42359,-122.221003
1033,Relay Ventures,NaN,3000 Sand Hill Road,Menlo Park,CA,94025,37.42359,-122.221003
1041,Sofinnova Ventures,NaN,3000 Sand Hill Road,Menlo Park,CA,94025,37.42359,-122.221003
939,Hewlett Packard,hp.com,3000 Hanover St,Palo Alto,CA,94304,37.414562,-122.146289
817,Bayside Solutions,baysidesolutions.com,3000 Executive Pkwy #510,San Ramon,CA,94583,37.768727,-121.968373
481,Notion,www.notion.so,3000 20th St,San Francisco,CA,94110,37.759409,-122.411109
917,unitQ,unitq.com,300 S Ellsworth Ave,San Mateo,CA,94401,37.564618,-122.322962
304,HackerOne,hackerone.com,300 Montgomery St 12th Floor,San Francisco,CA,94104,37.792445,-122.402454
577,RGA Associates,www.rgatech.com,300 Montgomery St #813,San Francisco,CA,94104,37.792403,-122.402497
298,Grovo,www.grovo.com,300 Montgomery St #1130,San Francisco,CA,94104,37.792403,-122.402497
264,Fundbox,fundbox.com,300 Montgomery St,San Francisco,CA,94104,37.792442,-122.402219
455,Mosaic,joinmosaic.com,300 Lakeside Dr 24th Floor,Oakland,CA,94612,37.80875,-122.263705
197,Dealpath,www.dealpath.com,300 California St Suite 200,San Francisco,CA,94104,37.793493,-122.400446
623,Sight Machine,sightmachine.com,300 Broadway #28,San Francisco,CA,94133,37.798597,-122.402599
1056,Convex,convexbuilt.com,300 Brannan St Suite 501,San Francisco,CA,94107,37.781819,-122.392524
691,Teamable,teamable.com,2973 16th St,San Francisco,CA,94103,37.764927,-122.419086
499,Oscar Health,www.hioscar.com,295 Lafayette St,New York,NY,10012,40.724552,-73.995391
644,Sonder,sonder.com,292 Ivy St,San Francisco,CA,94103,37.777507,-122.422741
579,Rigetti,rigetti.com,2919 Seventh Street,Berkeley,CA,94710,37.852525,-122.290996
989,Battery Ventures,NaN,2884 Sand Hill Road,Menlo Park,CA,94025,37.421944,-122.21513
1023,Menlo Ventures,NaN,2884 Sand Hill Road,Menlo Park,CA,94025,37.421944,-122.21513
1038,Sierra Ventures,NaN,2884 Sand Hill Road,Menlo Park,CA,94025,37.421944,-122.21513
987,Altos Ventures,NaN,2882 Sand Hill Road,Menlo Park,CA,94025,37.421968,-122.214066
993,Charles River Ventures,NaN,2882 Sand Hill Road,Menlo Park,CA,94025,37.421968,-122.214066
1001,Draper Fisher Jurvetson,NaN,2882 Sand Hill Road,Menlo Park,CA,94025,37.421968,-122.214066
103,Bolt,bolt.com,288 7th St,San Francisco,CA,94103,37.776857,-122.408265
988,Andreessen Horowitz,a16z.com,2865 Sand Hill Road,Menlo Park,CA,94025,37.41973,-122.214244
1027,New Enterprise Associates,NaN,2855 Sand Hill Road,Menlo Park,CA,94025,37.419767,-122.21359
438,MetaVision,www.metavision.com,2855 Campus Drive,San Mateo,CA,94403,37.536121,-122.325787
940,Houzz,houzz.com,285 Hamilton Ave,Palo Alto,CA,94301,37.445099,-122.160735
955,McAfee,mcafee.com,2821 Mission College Blvd,Santa Clara,CA,95054,37.389291,-121.979214
1017,LeapYear,leapyear.io,2809 Telegraph Ave STE 206,Berkeley,CA,94705,37.859214,-122.258919
1016,Kohlberg Kravis Roberts,kkr.com,2800 Sand Hill Road,Menlo Park,CA,94025,37.421086,-122.21216
620,Shutterfly,shutterfly.com,2800 Bridge Pkwy,Redwood City,CA,94065,37.539416,-122.256659
56,AppNexus,www.appnexus.com,28 W 23rd St,New York,NY,10010,40.741487,-73.990992
62,Armory,www.armory.io,28 E 3rd Ave #200,San Mateo,CA,94401,37.56325,-122.325167
1039,Silver Lake Partners,NaN,2775 Sand Hill Road,Menlo Park,CA,94025,37.417814,-122.210348
992,Canaan Partners,NaN,2765 Sand Hill Road,Menlo Park,CA,94025,37.419687,-122.209616
1048,TriplePoint Capital,triplepointcapital.com,2755 Sand Hill Road,Menlo Park,CA,94025,37.419515,-122.209543
1020,Makena Capital Management,NaN,2755 Sand Hill Road,Menlo Park,CA,94025,37.419515,-122.209543
868,Incorta,incorta.com,2755 Campus Dr #350,San Mateo,CA,94403,37.536903,-122.324879
1015,Kleiner Perkins,NaN,2750 Sand Hill Road,Menlo Park,CA,94025,37.421271,-122.211292
550,Qwilt,qwilt.com,275 Shoreline Dr # 510,Redwood City,CA,94065,37.524955,-122.257862
962,NVIDIA,nvidia.com,2741 County Hwy G4,Santa Clara,CA,95050,37.370837,-121.964022
22,Adyen,www.adyen.com,274 Brannan St #600,San Francisco,CA,94107,37.782608,-122.391772
1049,U.S. Venture Partners,NaN,2735 Sand Hill Road,Menlo Park,CA,94025,37.419632,-122.209057
149,Civil Maps,civilmaps.com,2720 Taylor St #320,San Francisco,CA,94133,37.807678,-122.415314
1011,InterWest Partners,NaN,2710 Sand Hill Road,Menlo Park,CA,94025,37.421583,-122.208924
1026,Morgenthaler,NaN,2710 Sand Hill Road,Menlo Park,CA,94025,37.421583,-122.208924
269,GE Digital,ge.com,2700 Camino Ramon,San Ramon,CA,94583,37.766315,-121.961693
650,Splunk,splunk.com,270 Brannan St,San Francisco,CA,94107,37.783154,-122.391775
277,GitLab,about.gitlab.com,268 Bush St #350,San Francisco,CA,94104,37.791192,-122.401818
351,Intuit,www.intuit.com,2675 Coast Ave,Mountain View,CA,94043,37.431219,-122.097991
856,Truework,www.truework.com,267 8th St,San Francisco,CA,94103,37.775773,-122.410486
83,BetterUp,www.betterup.co,267 8th St,San Francisco,CA,94103,37.775741,-122.410515
124,Cadence Design Systems,www.cadence.com,2655 Seely Ave,San Jose,CA,95134,37.396063,-121.919533
13,Accela,accela.com,2633 Camino Ramon #500,San Ramon,CA,94583,37.766261,-121.958243
70,Avast,avast.com,2625 Broadway,Redwood City,CA,94063,37.485898,-122.233689
936,Globalfoundries,globalfoundries.com,2600 Great America Way,Santa Clara,CA,95054,37.415293,-121.974448
540,Proteus Digital Health,www.proteus.com,2600 Bridge Pkwy,Redwood City,CA,94065,37.539077,-122.25728
437,MessageBird,www.messagebird.com,260 Townsend St #650,San Francisco,CA,94107,37.778262,-122.394648
67,Atrium LTS,www.atrium.co,260 Townsend St #400,San Francisco,CA,94107,37.778262,-122.394648
746,Verbal + Visual,verbalplusvisual.com,26 West 17th St,New York,NY,10011,40.738368,-73.993907
72,Avenue Code,www.avenuecode.com,26 OFarrell St,San Francisco,CA,94108,37.786937,-122.405545
12,Abstract,goabstract.com,2567 Mission Street,San Francisco,CA,NaN,37.756034,-122.418592
705,The Hive,thehive.ai,255 California St,San Francisco,CA,94111,37.792964,-122.399598
318,Hiretual,www.hiretual.com,2525 E Charleston Rd #104,Mountain View,CA,94043,37.421186,-122.098438
935,Gigya,gigya.com,2513 E Charleston Rd,Palo Alto,CA,94303,37.421046,-122.098583
635,Smarking,smarking.com,251 Rhode Island St. Suite 203,San Francisco,CA,94103,37.766784,-122.402589
381,Kong,konghq.com,251 Post Street 2nd floor,San Francisco,CA,94108,37.788405,-122.405977
330,Hustle,hustle.com,251 Kearny St #300,San Francisco,CA,94108,37.790504,-122.404232
143,Checkr,checkr.com,2505 Mariposa St,San Francisco,CA,94110,37.762905,-122.408725
985,Accel-KKR,NaN,2500 Sand Hill Road,Menlo Park,CA,94025,37.42175,-122.204843
811,Zume Pizza,zumepizza.com,250 Polaris Ave,Mountain View,CA,94043,37.399147,-122.084199
453,Mondo,mondo.com,250 Montgomery St Suite 610,San Francisco,CA,94104,37.79168,-122.402349
880,Lambda School,lambdaschool.com,250 Montgomery St,San Francisco,CA,94104,37.79168,-122.402349
802,Zenefits,www.zenefits.com,250 Brannan St,San Francisco,CA,94107,37.7831,-122.391019
371,Karuna Health,www.meetkaruna.com,25 Taylor St Unit 604,San Francisco,CA,94102,37.782584,-122.411252
654,Springboard,springboard.com,25 Taylor St Suite 602,San Francisco,CA,94102,37.782569,-122.411148
722,Tray.io,tray.io,25 Stillman St #200,San Francisco,CA,94107,37.783128,-122.394671
113,Brightidea,www.brightidea.com,25 Pacific Ave,San Francisco,CA,94111,37.797974,-122.397541
307,Haven,haveninc.com,25 Kearny St. Suite 304,San Francisco,CA,94108,37.788264,-122.403713
1004,GGV Capital,NaN,2494 Sand Hill Road,Menlo Park,CA,94025,37.422068,-122.203026
1044,The Blackstone Group,NaN,2494 Sand Hill Road,Menlo Park,CA,94025,37.422068,-122.203026
846,Katerra,www.katerra.com,2494 Sand Hill Rd #100,Menlo Park,CA,94025,37.422068,-122.203026
44,AMD,www.amd.com,2485 Augustine Dr,Santa Clara,CA,95054,37.382925,-121.970384
1022,Mayfield Fund,NaN,2484 Sand Hill Road,Menlo Park,CA,94025,37.423162,-122.205333
1082,MetricStream,metricstream.com,2479 E Bayshore Rd #260,Palo Alto,CA,94303,37.448524,-122.118314
505,Palo Alto Staffing,www.paloaltostaffing.com,2479 E Bayshore Rd #165,Palo Alto,CA,94303,37.448524,-122.118314
1043,Tempo Automation,tempoautomation.com,2460 Alameda St,San Francisco,CA,94103,37.768627,-122.40965
971,Sila Nanotechnologies,silanano.com,2450 Mariner Square Loop,Alameda,CA,94501,37.786994,-122.277351
653,SpotX,spotx.tv,245 5th Ave #1600,New York,NY,10016,40.744385,-73.987066
296,Groupon,groupon.com,2445 Augustine Dr,Santa Clara,CA,95054,37.382589,-121.96944
698,Teleport,teleport.org,2443 Fillmore St,San Francisco,CA,94115,37.792212,-122.434802
736,Udacity,www.udacity.com,2440 W El Camino Real,Mountain View,CA,94040,37.399322,-122.107764
1037,Shasta Ventures,shastaventures.com,2440 Sand Hill Road,Menlo Park,CA,94025,37.422654,-122.203971
932,EMC Data Domain,emc.com,2421 Mission College Blvd,Santa Clara,CA,95054,37.39035,-121.970629
1009,Highland Capital Partners,NaN,2420 Sand Hill Road Suite 300,Menlo Park,CA,94025,37.422643,-122.203958
986,Altimeter Capital,NaN,2420 Sand Hill Road,Menlo Park,CA,94025,37.422643,-122.203958
999,DCM Ventures,NaN,2420 Sand Hill Road,Menlo Park,CA,94025,37.422643,-122.203958
322,Hoodline,hoodline.com,2419 Harrison St. Ste. 300,San Francisco,CA,94110,37.758335,-122.412322
1030,Onset Ventures,NaN,2400 Sand Hill Road,Menlo Park,CA,94025,37.423485,-122.203901
514,PeopleGrove,www.peoplegrove.com,240 Stockton St 4th Floor,San Francisco,CA,94108,37.788168,-122.406508
249,Fingerprint Digital,www.fingerprintplay.com,240 Stockton St,San Francisco,CA,94108,37.788168,-122.406508
621,Sibly,sibly.co,2395 Broadway,Redwood City,CA,94063,37.486231,-122.230866
265,FundersClub,fundersclub.com,237 Kearny St #424,San Francisco,CA,94108,37.790315,-122.404185
703,Thalmic Labs,www.thalmic.com,2350 3rd St,San Francisco,CA,94107,37.759864,-122.388784
536,Premier Talent Partners,premiertalentpartners.com,235 Montgomery St Ste 630,San Francisco,CA,94104,37.791367,-122.40288
138,CBS Interactive,www.cbsinteractive.com,235 2nd St,San Francisco,CA,94105,37.786512,-122.397038
904,Wootric,wootric.com,233 Sansome St 2nd Floor,San Francisco,CA,94104,37.792601,-122.401286
471,Netlify,www.netlify.com,2325 3rd St Suite 215,San Francisco,CA,94107,37.760272,-122.388098
805,Zenysis,zenysis.com,2325 3rd St,San Francisco,CA,94107,37.760272,-122.388098
516,Perforce,perforce.com,2320 Blanding Ave,Alameda,CA,94501,37.770875,-122.238889
353,Invoice2go,2go.com,2317 Broadway,Redwood City,CA,94063,37.486067,-122.230423
19,AdRoll,www.adroll.com,2300 Harrison St 2nd floor,San Francisco,CA,94110,37.760419,-122.41325
892,Zero Financial,zero.app,230 California St Suite 500,San Francisco,CA,94111,37.793572,-122.399339
52,App Annie,appannie.com,23 Geary St,San Francisco,CA,94108,37.787754,-122.404015
1031,Parabola,parabola.io,228 Grant Ave 4th floor,San Francisco,CA,94108,37.789151,-122.405004
750,Via Transportation,ridewithvia.com,226 5th Ave,New York,NY,10001,40.743929,-73.988172
776,Wheelwell,wheelwell.com,2255 Van Ness Ave,San Francisco,CA,94109,37.79645,-122.424052
1007,Greylock Partners,NaN,2250 Sand Hill Road,Menlo Park,CA,94025,37.424218,-122.194856
300,Gumroad,gumroad.com,225 Valencia St a,San Francisco,CA,94103,37.76945,-122.42205
552,Radius,radius.com,225 Bush St Floor 12,San Francisco,CA,94104,37.790841,-122.40128
404,LiveRamp,liveramp.com,225 Bush St 17th Floor,San Francisco,CA,94104,37.790869,-122.401228
1008,Handshake,joinhandshake.com,225 Bush St 12th floor,San Francisco,CA,94104,37.790886,-122.401209
432,Meltwater,www.meltwater.com,225 Bush St,San Francisco,CA,94104,37.790984,-122.401595
403,Lithium Technologies,www.lithium.com,225 Bush St,San Francisco,CA,94104,37.790841,-122.40128
154,ClearMetal,www.clearmetal.com,225 Bush St,San Francisco,CA,94104,37.790882,-122.401552
272,General Assembly,generalassemb.ly/locations/san-francisco,225 Bush St,San Francisco,CA,94104,37.790882,-122.401552
893,d2iq,d2iq.com,225 Bush St,San Francisco,CA,94104,37.790928,-122.401199
412,Machine Zone,www.mz.com,2225 E Bayshore Rd #200,Palo Alto,CA,94303,37.449965,-122.120976
998,Craigslist,craigslistfoundation.org,222 Sutter St FL 9,San Francisco,CA,94108,37.790033,-122.404521
700,Terminus Software,terminus.com,222 Sutter St,San Francisco,CA,94108,37.790032,-122.404488
142,Chartio,chartio.com,222 Kearny St #525,San Francisco,CA,94108,37.790209,-122.403499
400,LinkedIn,www.linkedin.com,222 2nd St,San Francisco,CA,94105,37.786403,-122.398322
512,PayPal,www.paypal.com,2211 N 1st St,San Jose,CA,95131,37.376851,-121.922733
697,TEKsystems,teksystems.com,221 Main St Suite 200,San Francisco,CA,94105,37.790388,-122.392259
667,Streak CRM,streak.com,221 Main St #1200,San Francisco,CA,94105,37.790388,-122.392259
210,Docusign,www.docusign.com,221 Main St #1000,San Francisco,CA,94105,37.790344,-122.392177
475,NexTravel,www.nextravel.com,221 Kearny St Suite 500,San Francisco,CA,94108,37.790169,-122.404171
185,Crowdcast,www.crowdcast.io,221 Kearny St # 3,San Francisco,CA,94108,37.790169,-122.404171
759,Volt Workforce Solutions,www.volt.com,2201 Walnut Ave #110,Fremont,CA,94538,37.555363,-121.975903
907,Better Mortgage,better.com,2201 Broadway 2nd floor,Oakland,CA,94612,37.811184,-122.26756
8,99designs,99designs.com,2201 Broadway #815,Oakland,CA,94612,37.811184,-122.26756
648,Sparkart,sparkart.com,2201 Broadway,Oakland,CA,94612,37.811203,-122.267396
984,5AM Ventures,5amventures.com,2200 Sand Hill Road,Menlo Park,CA,94025,37.422774,-122.199215
1018,Lightspeed Venture Partners,NaN,2200 Sand Hill Road,Menlo Park,CA,94025,37.422774,-122.199215
1028,Nexus Venture Partners,NaN,2200 Sand Hill Road,Menlo Park,CA,94025,37.422774,-122.199215
1045,The Westly Group,NaN,2200 Sand Hill Road,Menlo Park,CA,94025,37.422774,-122.199215
942,Intel,intel.com,2200 Mission College Blvd,Santa Clara,CA,95054,37.387524,-121.96366
617,Shipt,shipt.com,22 4th Street 10th Floor,San Francisco,CA,94103,37.784814,-122.405614
162,Clover Health,www.cloverhealth.com,22 4th St 6th floor,San Francisco,CA,94103,37.784814,-122.405614
595,Salon Media Group,www.salon.com,22 4th St #11,San Francisco,CA,94103,37.784814,-122.405614
233,EQ Recruiting,eqrecruiters.com,2181 Greenwich St,San Francisco,CA,94123,37.798851,-122.435599
1005,GI Partners,NaN,2180 Sand Hill Road,Menlo Park,CA,94025,37.423064,-122.198505
237,Everlane,www.everlane.com,2170 Folsom St,San Francisco,CA,94110,37.762589,-122.415424
369,Kapor Center,www.kaporcenter.org,2148 Broadway,Oakland,CA,94612,37.810608,-122.266877
767,Watsi,watsi.org,2132 Folsom St #2,San Francisco,CA,94110,37.76316,-122.415519
1013,Khosla Ventures,khoslaventures.com,2128 Sand Hill Road,Menlo Park,CA,94025,37.425613,-122.193384
793,Yapstone,yapstone.com,2121 N California Blvd #400,Walnut Creek,CA,94596,37.90866,-122.066521
1002,Farmstead,farmsteadapp.com,2121 Harrison St,San Francisco,CA,94110,37.763498,-122.412739
614,Shazam,shazam.com,2114 Broadway,Redwood City,CA,94063,37.48683,-122.228591
528,PlanGrid,www.plangrid.com,2111 Mission St #404,San Francisco,CA,94110,37.763037,-122.419242
125,Cadre Talent,yourcadre.com,2109 Webster St,San Francisco,CA,94123,37.800405,-122.438155
905,turnitin,turnitin.com,2101 Webster St #1800,Oakland,CA,94612,37.810394,-122.265898
894,Everlaw,everlaw.com,2101 Webster St #1500,Oakland,CA,94612,37.81028,-122.266009
871,ColorTokens,colortokens.com,2101 Tasman Dr Suite 201,Santa Clara,CA,95054,37.409514,-121.961797
342,Informatica,informatica.com,2100 Seaport Blvd,Redwood City,CA,94063,37.511302,-122.204801
688,Tanium,tanium.com,2100 Powell St,Emeryville,CA,94608,37.839364,-122.29897
140,Change Healthcare,changehealthcare.com,2100 Powell St,Emeryville,CA,94608,37.839364,-122.29897
63,Art.com,art.com,2100 Powell St,Emeryville,CA,94608,37.839364,-122.29897
506,Pandora,www.pandora.com,2100 Franklin St #700,Oakland,CA,94612,37.810138,-122.266349
502,Outlier AI,outlier.ai,2100 Franklin St #355,Oakland,CA,94612,37.810138,-122.266349
976,TuneIn,tunein.com,210 King St,San Francisco,CA,94107,37.77801,-122.39253
225,Electronic Arts,ea.com,209 Redwood Shores Pkwy,Redwood City,CA,94065,37.52328,-122.254142
560,ReadMe,readme.io,209 Kearny St #2,San Francisco,CA,94108,37.790011,-122.404115
450,Mode Analytics,modeanalytics.com,208 Utah St #400,San Francisco,CA,94103,37.766906,-122.406888
770,Webflow,webflow.com,208 Utah St #210,San Francisco,CA,94103,37.766906,-122.406888
32,Aktana,www.aktana.com,207 Powell St #800,San Francisco,CA,94102,37.786667,-122.40834
980,Xilinx,xilinx.com,2050 Logic Dr,San Jose,CA,95124,37.252624,-121.933771
947,Lab126,lab126.com,20450 Stevens Creek Blvd,Cupertino,CA,95014,37.321379,-122.030751
129,Canvas Medical,canvasmedical.com,2037 Irving Street Suite 228,San Francisco,CA,94122,37.763298,-122.480026
833,NexGenT,nexgent.com,2033 Gateway Pl #460,San Jose,CA,95110,37.371113,-121.925578
530,Poshmark,poshmark.com,203 Redwood Shores Pkwy Floor 8,Redwood City,CA,94065,37.521035,-122.253951
221,eBay,ebayinc.com,2025 E Hamilton Ave,San Jose,CA,95125,37.295337,-121.926095
414,Magoosh,magoosh.com,2020 Milvia St #220,Berkeley,CA,94704,37.871034,-122.271016
658,Stamen Design,stamen.com,2017 Mission St,San Francisco,CA,94103,37.764766,-122.419671
675,Swiftly,goswift.ly,201 Spear St Suite 1600,San Francisco,CA,94105,37.791226,-122.391966
631,Slalom Consulting,slalom.com,201 Spear St #1550,San Francisco,CA,94105,37.791226,-122.391966
148,CircleCI,circleci.com,201 Spear St #1200,San Francisco,CA,94105,37.791263,-122.392015
958,Metaswitch Networks,metaswitch.com,201 Potrero Ave,San Francisco,CA,94103,37.7669,-122.407192
544,Qualia,qualia.com,201 Mission St Suite 1800,San Francisco,CA,94105,37.790966,-122.394737
337,Indeed,indeed.jobs,201 Mission St #300,San Francisco,CA,94105,37.790966,-122.394737
279,Gladly,www.gladly.com,201 California St,San Francisco,CA,94111,37.793034,-122.39903
167,CodeSignal,codesignal.com,201 California St,San Francisco,CA,94111,37.793034,-122.39903
157,Climate Corporation,climate.com,201 3rd St #1100,San Francisco,CA,94103,37.785067,-122.399868
131,Capital One,www.capitalone.com,201 3rd St,San Francisco,CA,94103,37.785067,-122.399868
743,Vaco,www.sfvaco.com,2001 N Main St #400,Walnut Creek,CA,94596,37.905996,-122.064968
563,Red Oak Technologies,www.redoaktech.com,2001 Gateway Pl Suite 150w,San Jose,CA,95110,37.369715,-121.922733
159,Cloudbees,www.cloudbees.com,2001 Gateway Pl #670W,San Jose,CA,95110,37.369715,-121.922733
589,Roofstock,roofstock.com,2001 Broadway,Oakland,CA,94612,37.809423,-122.268446
627,Sizmek,sizmek.com,2000 Seaport Blvd,Redwood City,CA,94063,37.510734,-122.203471
290,Gracenote,gracenote.com,2000 Powell St Suite 1500,Emeryville,CA,94608,37.837928,-122.300742
79,Beezwax Datatools,www.beezwax.net,200 Frank H Ogawa Plaza,Oakland,CA,94612,37.805766,-122.272202
271,GenapSys,genapsys.com,200 Cardinal Way,Redwood City,CA,94063,37.50446,-122.219206
565,Reddit,reddithelp.com,20 Taylor St,San Francisco,CA,94102,37.782543,-122.410516
1059,DuckDuckGo,duckduckgo.com,20 Paoli Pike,Paoli,PA,19301,40.041099,-75.486881
581,RingCentral,www.ringcentral.com,20 Davis Dr,Belmont,CA,94002,37.5109,-122.306596
355,Iris Automation,www.irisonboard.com,2 Shotwell St,San Francisco,CA,94103,37.768352,-122.41689
511,Pathstream,www.pathstream.com,2 Shaw Alley 2nd Floor,San Francisco,CA,94105,37.78872,-122.398384
709,The Trade Desk,www.thetradedesk.com,2 Park Avenue 5th Floor,New York,NY,10016,40.746003,-73.982451
482,Nova Credit,neednova.com,2 Mint Plaza,San Francisco,CA,94103,37.783128,-122.407763
459,Mozilla,mozilla.org,2 Harrison St #175,San Francisco,CA,94105,37.789475,-122.389293
1065,Ockam,ockam.io,2 Embarcadero Center Floor 8,San Francisco,CA,94111,37.794788,-122.39841
684,Talener,www.talener.com,2 Embarcadero Center 8th floor,San Francisco,CA,94111,37.794788,-122.39841
89,Binti,binti.com,1999 Harrison Street Suite 1575,Oakland,CA,94612,37.807875,-122.265068
136,CashBet,cashbet.com,1999 Harrison St #740,Oakland,CA,94612,37.807846,-122.265079
417,Mainz Brady Group,mbg.com,1999 Harrison St #1475,Oakland,CA,94612,37.807846,-122.265079
483,npm Inc,www.npmjs.com,1999 Harrison St #1150,Oakland,CA,94612,37.807846,-122.265079
294,Grin,www.grin.co,1990 3rd St #800,Sacramento,CA,95811,38.572115,-121.507752
251,FitBit,www.fitbit.com,199 Fremont St,San Francisco,CA,94105,37.789873,-122.394781
670,StubHub,stubhub.com,199 Fremont St,San Francisco,CA,94105,37.789873,-122.394781
208,DNAnexus,dnanexusconnect.com,1975 W El Camino Real #204,Mountain View,CA,94040,37.393674,-122.099278
135,Carta,carta.com,195 Page Mill Rd Suite 101,Palo Alto,CA,94306,37.426587,-122.138655
764,Wake,wake.com,1939 Market St,San Francisco,CA,94103,37.76999,-122.425351
374,Khan Academy,www.khanacademy.org,1937 Landings Drive,Mountain View,CA,94043,37.421321,-122.088694
262,FreeWire Technologies,freewiretech.com,1933 Davis St Ste 301A,San Leandro,CA,94577,37.7153,-122.179217
41,Amazon,amazon.com,1900 University Ave,East Palo Alto,CA,94303,37.459056,-122.142821
943,Jasper Wireless,jasper.com,189 S Bernardo Ave,Mountain View,CA,94043,37.38628,-122.051355
472,New Relic,newrelic.com,188 Spear St,San Francisco,CA,94105,37.791445,-122.392967
60,Aptly,getaptly.com,188 S Park St #7,San Francisco,CA,94107,37.781016,-122.39507
725,Triplebyte,triplebyte.com,188 King St,San Francisco,CA,94107,37.778621,-122.391806
1070,Sqreen,sqreen.com,188 King St,San Francisco,CA,94107,37.778636,-122.391813
507,Panoply,panoply.io,188 King St,San Francisco,CA,94107,37.778636,-122.391813
570,Reforge,www.reforge.com,188 Buchanan St Unit #10,San Francisco,CA,94102,37.771349,-122.426463
829,Health Gorilla,healthgorilla.com,185 N Wolfe Rd,Sunnyvale,CA,94086,37.377107,-122.014039
763,Vungle,vungle.com,185 Clara St #100,San Francisco,CA,94107,37.779731,-122.401798
164,Coda,coda.io,185 Berry St Suite 6600,San Francisco,CA,94107,37.776597,-122.391949
406,Lob,lob.com,185 Berry St #6600,San Francisco,CA,94107,37.776657,-122.391842
668,Stripe,stripe.com,185 Berry St #550,San Francisco,CA,94107,37.776503,-122.392038
410,Lyft,www.lyft.com,185 Berry St,San Francisco,CA,94107,37.776503,-122.392038
717,Tophatter,tophatter.com,185 Berry St,San Francisco,CA,94107,37.776597,-122.391949
1064,Lohika,lohika.com,1825 S Grant St #400,San Mateo,CA,94402,37.553927,-122.299989
639,SnapLogic,snaplogic.com,1825 S Grant St,San Mateo,CA,94402,37.553927,-122.299989
229,enSilo,www.ensilo.com,182 Second Street Suite 210,San Francisco,CA,94105,37.786907,-122.398658
586,Rocket Lawyer,www.rocketlawyer.com,182 Howard St #830,San Francisco,CA,94105,37.791002,-122.393409
864,Tipalti,tipalti.com,1810 Gateway Dr #300,San Mateo,CA,94404,37.556738,-122.281605
1061,Hivemapper,hivemapper.com,1801 Murchison Dr UNIT 128,Burlingame,CA,94010,37.593663,-122.388098
798,Zazzle,zazzle.com,1800 Seaport Blvd,Redwood City,CA,94063,37.51098,-122.201431
601,Say Media,saymedia.com,180 Townsend St,San Francisco,CA,94107,37.779373,-122.392617
259,Forward,goforward.com,180 Sutter St,San Francisco,CA,94104,37.790039,-122.403645
587,RocketSpace,www.rocketspace.com,180 Sansome St,San Francisco,CA,94104,37.791899,-122.400667
744,ValiMail,www.valimail.com,180 Montgomery Street 18th Floor,San Francisco,CA,94104,37.790773,-122.401906
603,Scalable Press,scalablepress.com,180 Montgomery Street,San Francisco,CA,94104,37.790773,-122.401906
215,Dynata,dynata.com,180 Montgomery St Ste 1700,San Francisco,CA,94104,37.790776,-122.402103
420,Marqeta,marqeta.com,180 Grand Ave,Oakland,CA,94612,37.81136,-122.262597
555,RaiseMe,www.raise.me,180 Capp St #5,San Francisco,CA,94110,37.763869,-122.419088
394,LendUp,www.lendup.com,1750 Broadway Suite 300,Oakland,CA,94612,37.807218,-122.269279
883,Oderful,orderful.com,1748 Union St,San Francisco,CA,94123,37.798198,-122.42813
961,Nutanix,nutanix.com,1740 Technology Dr,San Jose,CA,95112,37.367681,-121.918126
1067,OutreachCircle,outreachcircle.com,174 Pepper Dr,Los Altos,CA,94022,37.377091,-122.110261
849,Nextgen Technologies,www.nextgentechinc.com,1735 N 1st St Suite 308,San Jose,CA,95112,37.368505,-121.915417
1071,Wiser Solutions,wiser.com,1730 S El Camino Real #500,San Mateo,CA,94402,37.551741,-122.314051
200,Design Action Collective,designaction.org,1730 Franklin St,Oakland,CA,94612,37.806559,-122.267826
375,Kickstart Coding,kickstartcoding.com,1721 Broadway #201,Oakland,CA,94612,37.807053,-122.269864
428,Mayvenn,mayvenn.com,1714 Franklin St. Suite 100 #239,Oakland,CA,94612,37.806403,-122.268092
344,Insight Recruiting,insightrecruiting.com,1700 Montgomery St Suite 108,San Francisco,CA,94111,37.805502,-122.405183
1073,Roku,roku.com,170 Knowles Dr,Los Gatos,CA,95032,37.261103,-121.961486
869,PARISOMA,parisoma.com,169 11th Street,San Francisco,CA,94103,37.773624,-122.41588
134,Carrot Fertility,www.get-carrot.com,164 Townsend St,San Francisco,CA,94107,37.779816,-122.392259
558,RapidAPI,rapidapi.com,164 Townsend St,San Francisco,CA,94107,37.779816,-122.392259
855,Toole Design,tooledesign.com,1635 Broadway Suite 200,Oakland,CA,94612,37.806636,-122.270002
73,BabyCenter,babycenter.com,163 Freelon St,San Francisco,CA,94107,37.777601,-122.398012
74,Babylist,babylist.com,1625 Clay St,Oakland,CA,94612,37.807139,-122.27281
242,Fabric Genomics,fabricgenomics.com,1611 Telegraph Ave #500,Oakland,CA,94612,37.806374,-122.270684
463,Mynd,mynd.co,1611 Telegraph Ave #1200,Oakland,CA,94612,37.806374,-122.270684
500,OSIsoft,osisoft.com,1600 Alvarado St,San Leandro,CA,94577,37.72122,-122.161542
192,Databricks,databricks.com,160 Spear St 13th floor,San Francisco,CA,94105,37.791365,-122.393741
838,Stellar,stellar.org,160 Capp St,San Francisco,CA,94110,37.76401,-122.418853
807,Zicasso,zicasso.com,1580 W El Camino Real STE 14,Mountain View,CA,94040,37.390265,-122.092123
881,MediaMonks,mediamonks.com,156 2nd St,San Francisco,CA,94105,37.787108,-122.399067
1080,Acquia,acquia.com,156 2nd St,San Francisco,CA,94105,37.787108,-122.399067
64,Asana,asana.com,1550 Bryant St #800,San Francisco,CA,94103,37.767534,-122.411183
773,WellnessFX,wellnessfx.com,1550 Bryant St #590,San Francisco,CA,94103,37.767617,-122.410872
389,Leanplum,www.leanplum.com,1550 Bryant St,San Francisco,CA,94103,37.767534,-122.411183
236,Eventbrite,www.eventbrite.com,155 5th St,San Francisco,CA,94103,37.78238,-122.405225
630,Slack,slack.com,155 5th St,San Francisco,CA,94103,37.78238,-122.405225
674,Swift Navigation,swiftnav.com,1543 Mission St,San Francisco,CA,94103,37.773495,-122.417794
94,Bleacher Report,bleacherreport.com,153 Kearny St,San Francisco,CA,94108,37.789499,-122.404017
1062,Joro,joro.tech,1528 Webster St,Oakland,CA,94612,37.804745,-122.267597
1055,1528 Webster,1528webster.com,1528 Webster St,Oakland,CA,94612,37.804745,-122.267597
334,iHear Medical,ihearmedical.com,15250 Hesperian Blvd,San Leandro,CA,94578,37.697558,-122.129672
171,CoInspect,coinspectapp.com,1516 Folsom St unit c,San Francisco,CA,94103,37.771857,-122.414584
250,First Round Capital,firstround.com,151 10th St,San Francisco,CA,94103,37.774833,-122.414905
174,Comfy,comfyapp.com,1504 Franklin St Suite 200,Oakland,CA,94612,37.804838,-122.268901
520,Phone2Action,phone2action.com,1500 Wilson Blvd suite 700,Arlington,VA,22209,38.894398,-77.074594
762,VSCO,vsco.co,1500 Broadway,Oakland,CA,94612,37.80533,-122.270368
405,Livongo,livongo.com,150 W Evelyn Ave #150,Mountain View,CA,94041,37.39242,-122.071804
872,Contentful,contentful.com,150 Spear St,San Francisco,CA,94105,37.791767,-122.393586
720,Tradecraft,tradecraft.com,150 Minna St,San Francisco,CA,94105,37.786733,-122.400867
651,Spotify,spotify.com,150 Greenwich St 62nd Floor,New York,NY,10007,40.710289,-74.01229
25,Affinity,www.affinity.co,150 Columbus Ave,San Francisco,CA,94133,37.796981,-122.404782
842,Zipcar,zipcar.com,15 N Ellsworth Ave suite 100,San Mateo,CA,94401,37.567466,-122.325692
554,Rainmakers,www.rainmakers.co,149 Natoma St,San Francisco,CA,94105,37.786086,-122.400017
297,Grove Collaborative,www.grove.co,1462 Pine St,San Francisco,CA,94109,37.790038,-122.419915
836,Skupos,skupos.com,1462 Pine St,San Francisco,CA,94109,37.790038,-122.419915
216,Earnest,www.earnest.com,1455 Market Street 18th Floor,San Francisco,CA,94103,37.775228,-122.417563
656,Square,squareup.com,1455 Market St #600,San Francisco,CA,94103,37.775231,-122.417528
734,Uber,www.uber.com,1455 Market St #400,San Francisco,CA,94103,37.775231,-122.417528
235,Even.com,even.com,1440 Broadway,Oakland,CA,94612,37.804701,-122.270471
209,Docker,www.docker.com,144 Townsend St,San Francisco,CA,94107,37.780151,-122.391987
1075,280 Group,280group.com,142B S Santa Cruz Ave,Los Gatos,CA,95030,37.220624,-121.985589
887,Sourcegraph,sourcegraph.com,142 Minna St 2nd floor,San Francisco,CA,94105,37.786816,-122.40049
584,Riviera Partners,rivierapartners.com,141 10th St,San Francisco,CA,94103,37.774847,-122.415168
97,BloomThat,www.bloomthat.com,1409 Minnesota St,San Francisco,CA,94107,37.751824,-122.389362
310,HeartFlow,heartflow.com,1400 Seaport Blvd,Redwood City,CA,94063,37.51365,-122.199525
927,Delphix,delphix.com,1400 Seaport Blvd,Redwood City,CA,94063,37.513745,-122.199786
108,Branch,branch.io,1400 Seaport Blvd,Redwood City,CA,94063,37.51365,-122.199525
61,Apttus,apttus.com,1400 Fashion Island Blvd #100,San Mateo,CA,94404,37.556081,-122.288161
266,Gainsight,gainsight.com,1400 Bridge Pkwy #101,Redwood City,CA,94065,37.535116,-122.258255
352,Invitae,www.invitae.com,1400 16th St,San Francisco,CA,94103,37.76683,-122.401309
794,Yelp,www.yelpblog.com,140 New Montgomery St,San Francisco,CA,94105,37.786662,-122.399972
10,2600Hz,2600hz.com,140 Geary St,San Francisco,CA,94108,37.787935,-122.405029
903,Seismic,seismic.com,140 2nd St 4th floor,San Francisco,CA,94105,37.787305,-122.399372
515,Percolate,percolate.com,140 2nd St,San Francisco,CA,94105,37.787305,-122.399372
590,Runway Incubator,www.runway.is,1355 Market St #488,San Francisco,CA,94103,37.776769,-122.416616
792,Yammer,www.yammer.com,1355 Market St,San Francisco,CA,94103,37.776769,-122.416616
714,Thumbtack,www.thumbtack.com,1355 Market St,San Francisco,CA,94103,37.776769,-122.416616
442,Microsoft,www.microsoft.com,1355 Market St,San Francisco,CA,94103,37.776769,-122.416616
733,Twitter,twitter.com,1355 Market St,San Francisco,CA,94103,37.776834,-122.416376
930,Egnyte,egnyte.com,1350 W Middlefield Rd,Mountain View,CA,94043,37.409204,-122.083073
782,Womply,www.womply.com,135 Townsend St #300,San Francisco,CA,94107,37.779826,-122.391025
607,Scripted,scripted.com,135 Stillman St,San Francisco,CA,94107,37.781005,-122.397089
452,Modis,modis.com,135 Main St Suite 1040,San Francisco,CA,94105,37.791554,-122.394095
719,Traction,www.tractionco.com,1349 Larkin Street,San Francisco,CA,94109,37.790485,-122.419255
827,GetThru,getthru.io,1330 Broadway 3rd Floor,Oakland,CA,94612,37.8039,-122.270794
5,21Tech,21tech.com,1330 Broadway #1530,Oakland,CA,94612,37.8039,-122.270794
116,Broadcom,www.broadcom.com,1320 Ridder Park Dr,San Jose,CA,95131,37.386135,-121.900328
612,Sentry,sentry.io,132 Hawthorne St,San Francisco,CA,94107,37.783991,-122.397363
900,Rockbot,rockbot.com,1308 Broadway,Oakland,CA,94612,37.803816,-122.271335
485,Nuro,nuro.ai,1300 Terra Bella Ave #100,Mountain View,CA,94043,37.410376,-122.081143
123,C3,c3.ai,1300 Seaport Blvd #500,Redwood City,CA,94063,37.513716,-122.201786
359,Jobvite,jobvite.com,1300 S El Camino Real,San Mateo,CA,94402,37.554714,-122.317245
751,Vidado,vidado.ai,130 Webster St,Oakland,CA,94607,37.794857,-122.273891
203,Digitalist Global,digitalist.global,128 Spear St,San Francisco,CA,94105,37.791908,-122.393852
75,Backerkit,www.backerkit.com,1265 Folsom St,San Francisco,CA,94103,37.773998,-122.410834
454,MoogSoft,www.moogsoft.com,1265 Battery St,San Francisco,CA,94111,37.802896,-122.402254
789,xMatters,xmatters.com,12647 Alcosta Blvd,San Ramon,CA,94583,37.772877,-121.959513
155,Clever,clever.com,1263 Mission St,San Francisco,CA,94103,37.776408,-122.413882
145,Chewse,www.chewse.com,1252 Howard St,San Francisco,CA,94103,37.775724,-122.412707
790,Xoriant,xoriant.com,1248 Reamwood Ave,Sunnyvale,CA,94089,37.404943,-121.987639
39,AltSchool,www.altschool.com,1245 Folsom St,San Francisco,CA,94103,37.774189,-122.410479
226,Elegant Themes,www.elegantthemes.com,1233 Howard St 3A,San Francisco,CA,94103,37.775624,-122.411781
569,Reflektive,www.reflektive.com,123 Townsend St,San Francisco,CA,94107,37.779858,-122.390665
107,Braintree,www.braintreepayments.com,123 Townsend St,San Francisco,CA,94107,37.77984,-122.390637
230,Entelo,www.entelo.com,123 Mission St #2400,San Francisco,CA,94105,37.791833,-122.394431
622,Sift Science,siftscience.com,123 Mission St #2000,San Francisco,CA,94105,37.791833,-122.394431
440,Metric Insights,www.metricinsights.com,123 10th St,San Francisco,CA,94103,37.775104,-122.415275
899,Renew Financial,renewfinancial.com,1221 Broadway 4th floor,Oakland,CA,94607,37.803463,-122.272345
908,Clorox,thecloroxcompany.com,1221 Broadway,Oakland,CA,94612,37.803463,-122.272345
435,Mende Design,mendedesign.com,1211 Folsom St,San Francisco,CA,94103,37.77471,-122.41009
689,Taos,taos.com,121 Daggett Dr,San Jose,CA,95134,37.395928,-121.931578
551,Radical Designs,radicaldesigns.org,1201 Martin Luther King Jr Way,Oakland,CA,94612,37.80512,-122.276975
186,Cruise Automation,www.getcruise.com,1201 Bryant St,San Francisco,CA,94103,37.770038,-122.409703
284,Gong.io,www.gong.io,1200 Park Place Suite 100,San Mateo,CA,94403,37.546157,-122.290233
524,Pixar,pixar.com,1200 Park Ave,Emeryville,CA,94608,37.832592,-122.28372
122,Bukwild,www.bukwild.com,120 K St 3rd Floor,Sacramento,CA,95814,38.582053,-121.505066
682,SyncFab,syncfab.com,120 Estudillo Ave,San Leandro,CA,94577,37.725249,-122.155549
602,Scal.io,scal.io,12 Geary St Suite 601,San Francisco,CA,94108,37.788109,-122.403763
4,15Five,15five.com,12 Gallagher Ln,San Francisco,CA,94103,37.781714,-122.403236
850,Nuance Communications,www.nuance.com,1198 E Arques Ave,Sunnyvale,CA,94085,37.37944,-121.997339
461,Mux,mux.com,1182 Market St. Suite 425,San Francisco,CA,94102,37.779224,-122.414381
479,NoRedInk,www.noredink.com,118 2nd Street 3rd Floor,San Francisco,CA,94105,37.787593,-122.399686
274,Getaround,getaround.com,1177 Harrison St,San Francisco,CA,94103,37.77413,-122.40766
495,Opendoor,www.opendoor.com,116 New Montgomery St #820,San Francisco,CA,94105,37.787072,-122.400451
211,DoorDash,doordashstore.com,116 New Montgomery St,San Francisco,CA,94105,37.787243,-122.40054
408,Looker,looker.com,1157 Harrison St,San Francisco,CA,94103,37.774367,-122.407404
806,ZeroCater,zerocater.com,115 Stillman St,San Francisco,CA,94107,37.781289,-122.396682
1083,Switchboard Software,switchboard-software.com,115 Sansome Street FL 7,San Francisco,CA,94104,37.79154,-122.401103
110,Brex,brex.com,115 Sansome St #1200,San Francisco,CA,94104,37.791425,-122.401038
1032,Procore Technologies,procore.com,1141 HARBOR BAY PKWY #260,Alameda,CA,94502,37.727646,-122.231974
768,WayUp,wayup.com,114 W 26th St,New York,NY,10001,40.744976,-73.992422
328,Hotwire,www.hotwire.com,114 Sansome St ste 400,San Francisco,CA,94104,37.791437,-122.400546
749,Vevo,www.vevo.com,114 Sansome St,San Francisco,CA,94104,37.791437,-122.400546
214,Duncan Channon,www.duncanchannon.com,114 Sansome St,San Francisco,CA,94104,37.79148,-122.400593
975,thredUP,thredup.com,114 Sansome St,San Francisco,CA,94104,37.79152,-122.400593
945,Juniper Networks,juniper.net,1133 Innovation Way,Sunnyvale,CA,94089,37.407504,-122.029189
572,Remix,www.remix.com,1128 Howard St,San Francisco,CA,94103,37.777616,-122.410352
785,Woopra,www.woopra.com,1112 Bryant St,San Francisco,CA,94103,37.771106,-122.409152
901,Vivun,vivun.com,1111 Broadway 3rd Floor,Oakland,CA,94607,37.802803,-122.272921
1019,Lucasfilm,lucasfilm.com,1110 O'Reilly Ave,San Francisco,CA,94129,37.800434,-122.450001
564,Redbubble,www.redbubble.com,111 Sutter St,San Francisco,CA,94104,37.79005,-122.402659
965,POPSUGAR,popsugar.com,111 Sutter St,San Francisco,CA,94104,37.789817,-122.40255
608,Securly,securly.com,111 N Market St 4th floor,San Jose,CA,95113,37.337659,-121.894104
68,Autodesk,www.autodesk.com,111 McInnis Parkway,San Rafael,CA,94903,38.005402,-122.530873
169,Coffee Meets Bagel,coffeemeetsbagel.com,111 Ellis St,San Francisco,CA,94105,37.785333,-122.408147
35,AlienVault,www.alienvault.com,1100 Park Pl #300,San Mateo,CA,94403,37.545105,-122.290819
96,Bloc,www.bloc.io,110 Sutter St,San Francisco,CA,94104,37.790218,-122.402723
487,Oath,www.oath.com,110 5th Street Suite 200,San Francisco,CA,94123,37.781888,-122.406155
895,Gravitational,gravitational.com,11 Embarcadero West #240,Oakland,CA,94607,37.790432,-122.269155
1051,Zerodown,Zerodown.com,109 Stevenson Street Floor 6,San Francisco,CA,94105,37.788595,-122.400989
132,Carbon,carbon3d.com,1089 Mills Way,Redwood City,CA,94063,37.487369,-122.209545
1053,Auth0,auth0.com,10800 NE 8th St #700,Bellevue,WA,98004,47.61782,-122.195861
972,Space Systems Loral,sslmda.com,1076 E Meadow Cir,Palo Alto,CA,94303,37.429347,-122.10886
396,Liftopia,about.liftopia.com/index.html,1061 Market St. Floor 4,San Francisco,CA,94103,37.780919,-122.411399
629,Skillz,skillz.com,1061 Market St,San Francisco,CA,94103,37.780945,-122.411377
593,Saildrone,www.saildrone.com,1050 W Tower Ave,Alameda,CA,94501,37.782828,-122.305146
891,ZEIT,zeit.co,1046 Kearny St,San Francisco,CA,94133,37.7978,-122.405305
176,Compology,compology.com,1045 Bryant St Suite 101,San Francisco,CA,94103,37.771769,-122.407331
212,DroneDeploy,www.dronedeploy.com,1045 Bryant St,San Francisco,CA,94103,37.771793,-122.4074
1034,Seagate,seagate.com,10200 S De Anza Blvd,Cupertino,CA,95014,37.320788,-122.031617
970,Seagate Technology,seagate.com,10200 S De Anza Blvd,Cupertino,CA,95014,37.320788,-122.031617
659,Starcity,starcity.com,1020 Kearny St,San Francisco,CA,94133,37.797508,-122.405181
800,Zendesk,www.zendesk.com,1019 Market St,San Francisco,CA,94103,37.78158,-122.410444
161,Cloudflare,www.cloudflare.com,101 Townsend St,San Francisco,CA,94107,37.780223,-122.390587
605,Scalyr,scalyr.com,101 S San Mateo Dr 4th Floor,San Mateo,CA,94401,37.566047,-122.325402
382,KPCB,www.kpcb.com,101 S Park St,San Francisco,CA,94107,37.781277,-122.393741
178,CoreOS,coreos.com,101 New Montgomery St,San Francisco,CA,94105,37.787412,-122.400224
409,Luma Health,lumahealth.io,101 Montgomery Street,San Francisco,CA,94104,37.790434,-122.402526
973,SurveyMonkey,surveymonkey.com,101 Lytton Ave,Palo Alto,CA,94301,37.444478,-122.165316
788,Xero,www.xero.com,101 Green Street 5th Floor,San Francisco,CA,94111,37.800154,-122.401883
517,Performance Horizon,performancehorizon.com,101 California Street Suite 1975,San Francisco,CA,94111,37.793462,-122.398097
640,Snappr,snappr.co,101 California St Suite 2710,San Francisco,CA,94111,37.792978,-122.397876
473,Newfront Insurance,www.newfrontinsurance.com,101 2nd St #525,San Francisco,CA,94105,37.788117,-122.39921
969,Sandisk,sandisk.com,1001 Sandisk Dr,Milpitas,CA,95035,37.417533,-121.92248
967,reputation.com,reputation.com,1001 Marshall St,Redwood City,CA,94063,37.487976,-122.224383
384,Landor,landor.com,1001 Front St,San Francisco,CA,94111,37.800912,-122.400573
683,Synchrony,www.synchrony.com,100-128 1st St,San Francisco,CA,94105,37.789152,-122.397614
470,Netflix,netflix.com,100 Winchester Cir,Los Gatos,CA,95032,37.259575,-121.962753
280,Glassdoor,glassdoor.com,100 Shoreline Hwy,Mill Valley,CA,94941,37.880139,-122.51452
641,Snowflake Computing,snowflake.com,100 S Ellsworth Ave,San Mateo,CA,94401,37.566551,-122.325004
983,Zscaler,zscaler.com,100 Rose Orchard Way,San Jose,CA,95134,37.415951,-121.947837
498,Oracle,www.oracle.com,100 Oracle Pkwy,Redwood City,CA,94065,37.530705,-122.26242
95,Blend,blend.com,100 Montgomery St Floor 25,San Francisco,CA,94104,37.790377,-122.401862
115,BrightTALK,brighttalk.com,100 Montgomery St #1900,San Francisco,CA,94104,37.789941,-122.40211
638,Snapdocs,snapdocs.com,100 Montgomery St,San Francisco,CA,94104,37.790377,-122.401862
959,MongoDB,mongodb.com,100 Forest Ave,Palo Alto,CA,94301,37.442041,-122.161195
609,Segment,segment.com,100 California St Suite 700,San Francisco,CA,94111,37.793949,-122.398062
491,OneLogin,www.onelogin.com,100 California St #900,San Francisco,CA,94111,37.794004,-122.398003
202,Dialpad,dialpad.com,100 California St #500,San Francisco,CA,94111,37.794004,-122.398003
312,Helpshift,www.helpshift.com,100 Bush St #950,San Francisco,CA,94104,37.791479,-122.399947
37,Alloy,alloy.ai,1 Zoe St,San Francisco,CA,94107,37.780521,-122.396507
1058,Dokkio,dokkio.com,1 Waters Park Dr #103,San Mateo,CA,94403,37.551425,-122.291173
723,trendmedia,trendmedia.com,1 Sutter Street Suite 201,San Francisco,CA,94104,37.790099,-122.400751
778,Wish,www.wish.com,1 Sansome St,San Francisco,CA,94104,37.790446,-122.401154
429,McKesson,www.mckesson.com,1 Post St,San Francisco,CA,94104,37.788765,-122.402747
661,Stitch Fix,stitchfix.com,1 Montgomery tower,San Francisco,CA,94104,37.789205,-122.403442
496,Opentable,www.opentable.com,1 Montgomery Street Suite 700,San Francisco,CA,94104,37.789468,-122.402935
834,Prifina,prifina.com,1 Market Street,San Francisco,CA,94105,37.791047,-122.400047
313,Hims,www.forhims.com,1 Letterman Drive Building C Suite 3500,San Francisco,CA,94129,37.800184,-122.44982
261,Founders Fund,foundersfund.com,1 Letterman Dr building d,San Francisco,CA,94129,37.800184,-122.44982
804,Zenreach,zenreach.com,1 Letterman Dr Building C3500,San Francisco,CA,94129,37.800322,-122.449951
642,SoFi,sofi.com,1 Letterman Dr #4700 Building A,San Francisco,CA,94129,37.800322,-122.449951
340,Industrial Light & Magic,www.ilm.com,1 Letterman Dr,San Francisco,CA,94129,37.800184,-122.44982
954,Maverick Capital,maverickventures.com,1 Letterman Dr,San Francisco,CA,94129,37.798845,-122.449338
234,Equinix,equinix.com,1 Lagoon Dr,Redwood City,CA,94065,37.527344,-122.261179
243,Facebook,www.facebook.com,1 Hacker Way,Menlo Park,CA,94025,37.484377,-122.148304
245,Fanatics,fanatics.com,1 Franklin Pkwy,San Mateo,CA,94403,37.542249,-122.293545
826,Fuzzy,yourfuzzy.com,NaN,San Francisco,CA,NaN,37.774929,-122.419415
783,Wonderschool,www.wonderschool.com,NaN,San Francisco,CA,NaN,37.774929,-122.419415
841,WellPay,www.wellpay.care,NaN,San Mateo,CA,NaN,37.562992,-122.325525
741,UrbanSitter,www.urbansitter.com,NaN,San Francisco,CA,NaN,37.774929,-122.419415
646,Sourceress,www.sourceress.com,NaN,San Francisco,CA,NaN,37.774929,-122.419415
591,Rylo,www.rylo.com,NaN,San Francisco,CA,NaN,37.774929,-122.419415
847,Mission Lane,www.missionlane.com,NaN,San Francisco,CA,NaN,37.774929,-122.419415
422,Massdrop,www.massdrop.com,NaN,San Francisco,CA,NaN,37.774929,-122.419415
305,Hammerhead,www.hammerhead.io,NaN,San Francisco,CA,NaN,37.774929,-122.419415
278,Givecampus,www.givecampus.com,NaN,San Francisco,CA,NaN,37.774929,-122.419415
219,Eatsa,www.eatsa.com,NaN,San Francisco,CA,NaN,37.774929,-122.419415
198,Deepnote,www.deepnote.org,NaN,San Francisco,CA,NaN,37.774929,-122.419415
146,Chime,www.chimebank.com,NaN,San Francisco,CA,NaN,37.774929,-122.419415
105,Boxbot,www.boxbot.io,NaN,Oakland,CA,NaN,37.804364,-122.271114
1050,WorkPatterns,workpatterns.com,NaN,San Francisco,CA,NaN,37.774929,-122.419415
360,Joy,withjoy.com,NaN,San Francisco,CA,NaN,37.774929,-122.419415
902,Ascend,tryascend.com,NaN,San Jose,CA,NaN,37.338208,-121.886329
693,TechConnexion,techconnexion.com,NaN,San Francisco,CA,NaN,37.774929,-122.419415
634,Slow Ventures,slow.co,NaN,San Francisco,CA,NaN,37.774929,-122.419415
615,Shift.org,shift.org,NaN,San Francisco,CA,NaN,37.774929,-122.419415
582,Riot Games,riotgames.com,NaN,San Francisco,CA,NaN,37.783711,-122.427614
966,Qwil,qwil.com,NaN,San Francisco,CA,NaN,37.774929,-122.419415
542,Pusher,pusher.com,NaN,San Francisco,CA,NaN,37.774929,-122.419415
535,Pramp,pramp.com,NaN,San Francisco,CA,NaN,37.774929,-122.419415
1066,Oura,ouraring.com,NaN,San Francisco,CA,NaN,37.774929,-122.419415
848,NextGen America,nextgenamerica.org,NaN,San Francisco,CA,NaN,37.774929,-122.419415
882,Moonlight,moonlightwork.com,NaN,San Francisco,CA,NaN,37.774929,-122.419415
915,Mercury,mercury.com,NaN,San Francisco,CA,NaN,37.774929,-122.419415
957,Mentor Graphics Inc,mentor.com,NaN,46871 Bayside Pkwy,CA,NaN,37.479393,-121.942169
415,Mailchimp,mailchimp.com,NaN,Oakland,CA,NaN,37.804364,-122.271114
411,Lyte,lyte.com,NaN,San Francisco,CA,NaN,37.774929,-122.419415
950,Lucasfilm Ltd,lucasfilm.com,NaN,1110 O'Reilly Ave,Sa,NaN,37.800434,-122.450001
949,Lookout,lookoutsf.com,NaN,3600 16th St,Sa,NaN,37.76438,-122.433318
378,KittyHawk,kittyhawk.io,NaN,San Francisco,CA,NaN,37.774929,-122.419415
370,Kapwing,kapwing.com,NaN,San Francisco,CA,NaN,37.774929,-122.419415
914,Jane Technologies,iheartjane.com,NaN,Santa Cruz,CA,NaN,36.974117,-122.030796
938,Grand Rounds Inc.,grandrounds.com,NaN,370 3rd St,Sa,NaN,37.782688,-122.398342
288,Google,google.com,NaN,Mountain View,CA,NaN,37.386052,-122.083851
1029,Noyo,gonoyo.com,NaN,San Francisco,CA,NaN,37.774929,-122.419415
831,Miles,getmiles.com,NaN,75 E Santa Clara St,Su,NaN,37.337119,-121.889391
257,Forkable,forkable.com,NaN,San Francisco,CA,NaN,37.774929,-122.419415
232,Enwoven,enwoven.com,NaN,Oakland,CA,NaN,37.804364,-122.271114
227,Employbl,employbl.com,NaN,Alameda,CA,NaN,37.765206,-122.241636
929,eBay Inc.,ebayinc.com,NaN,2025 E Hamilton Ave,Sa,NaN,37.295337,-121.926095
928,Drawbridge,drawbridge.com,NaN,2121 S El Camino Real,Sa,NaN,37.547371,-122.307611
912,Dover,dover.io,NaN,San Francisco,CA,NaN,37.774929,-122.419415
191,Daily Kos,dailykos.com,NaN,Oakland,CA,NaN,37.804364,-122.271114
996,Codi,codiwork.com,NaN,San Francisco,CA,NaN,37.774929,-122.419415
995,Coderpad,coderpad.io,NaN,San Francisco,CA,NaN,37.774929,-122.419415
923,Cloudera Inc,cloudera.com,NaN,433 California St,Sa,NaN,37.792699,-122.401684
860,Google Cloud,cloud.google.com,NaN,Sunnyvale,CA,NaN,37.411097,-122.018176
153,ClearBrain,clearbrain.com,NaN,San Francisco,CA,NaN,37.774929,-122.419415
920,Brocade,brocade.com,NaN,130 Holger Way,Sa,NaN,37.418482,-121.95232
88,Binc,bincsearch.com,NaN,San Francisco,CA,NaN,37.774929,-122.419415
85,Bexi,bexi.io,NaN,San Leandro,CA,NaN,37.72493,-122.156077
69,Automattic,automattic.com,NaN,San Francisco,CA,NaN,37.774929,-122.419415
816,Aura Frames,auraframes.com,NaN,San Francisco,CA,NaN,37.774929,-122.419415
702,Tetra,asktetra.com,NaN,San Francisco,CA,NaN,37.774929,-122.419415
1072,Apollo GraphQL,apollographql.com,NaN,140 10th Street,Sa,NaN,37.77469,-122.415463
11,Abl Schools,ablschools.com,NaN,San Francisco,CA,NaN,37.774929,-122.419415
3,10 by 10,10by10.io,NaN,San Francisco,CA,NaN,37.774929,-122.419415